[Licensing::Module] Trying to connect to existing licensing client channel...
Built from '6000.4/staging' branch; Version is '6000.4.2f1 (7a4c1aeef971) revision 8014874'; Using compiler version '194234433'; Build Type 'Release'
OS: 'Windows 11  (10.0.26200) Core' Language: 'tr' Physical Memory: 15710 MB
BatchMode: 1, IsHumanControllingUs: 0, StartBugReporterOnCrash: 0, Is64bit: 1
System  architecture: x64
Process architecture: x64
Date: 2026-05-23T03:03:00Z
[Licensing::IpcConnector] Successfully connected to: "LicenseClient-alper" at "2026-05-23T03:03:00.1853023Z"

COMMAND LINE ARGUMENTS:
C:\Program Files\Unity\Hub\Editor\6000.4.2f1\Editor\Unity.exe
-adb2
-batchMode
-noUpm
-name
AssetImportWorker6
-projectPath
C:/Users/alper/OneDrive/Masaüstü/Projects/Unity/Fantasy_Bookshop/Fantasy_Bookshop
-logFile
Logs/AssetImportWorker6.log
-srvPort
52810
-licensingIpc
LicenseClient-alper
-force-d3d12
-job-worker-count
5
-background-job-worker-count
8
-gc-helper-count
1
-name
AssetImport
Successfully changed project path to: C:/Users/alper/OneDrive/Masaüstü/Projects/Unity/Fantasy_Bookshop/Fantasy_Bookshop
C:/Users/alper/OneDrive/Masaüstü/Projects/Unity/Fantasy_Bookshop/Fantasy_Bookshop
[UnityMemory] Configuration Parameters - Can be set up in boot.config
    "memorysetup-temp-allocator-size-gi-baking-worker=262144"
    "memorysetup-temp-allocator-size-gi-baking-worker=262144"
    "memorysetup-temp-allocator-size-gi-baking-worker=262144"
    "memorysetup-temp-allocator-size-gi-baking-worker=262144"
    "memorysetup-temp-allocator-size-gi-baking-worker=262144"
    "memorysetup-temp-allocator-size-nav-mesh-worker=65536"
    "memorysetup-temp-allocator-size-audio-worker=65536"
    "memorysetup-temp-allocator-size-cloud-worker=32768"
    "memorysetup-temp-allocator-size-gfx=262144"
    "memorysetup-temp-allocator-size-preload-manager=33554432"
    "memorysetup-temp-allocator-size-job-worker=262144"
    "memorysetup-temp-allocator-size-background-worker=32768"
    "memorysetup-allocator-temp-initial-block-size-main=262144"
    "memorysetup-allocator-temp-initial-block-size-worker=262144"
    "memorysetup-bucket-allocator-granularity=16"
    "memorysetup-bucket-allocator-bucket-count=8"
    "memorysetup-bucket-allocator-block-size=33554432"
    "memorysetup-bucket-allocator-block-count=8"
    "memorysetup-main-allocator-block-size=16777216"
    "memorysetup-thread-allocator-block-size=16777216"
    "memorysetup-gfx-main-allocator-block-size=16777216"
    "memorysetup-gfx-thread-allocator-block-size=16777216"
    "memorysetup-cache-allocator-block-size=4194304"
    "memorysetup-typetree-allocator-block-size=2097152"
    "memorysetup-profiler-bucket-allocator-granularity=16"
    "memorysetup-profiler-bucket-allocator-bucket-count=8"
    "memorysetup-profiler-bucket-allocator-block-size=33554432"
    "memorysetup-profiler-bucket-allocator-block-count=8"
    "memorysetup-profiler-allocator-block-size=16777216"
    "memorysetup-profiler-editor-allocator-block-size=1048576"
    "memorysetup-temp-allocator-size-main=16777216"
    "memorysetup-job-temp-allocator-block-size=2097152"
    "memorysetup-job-temp-allocator-block-size-background=1048576"
    "memorysetup-job-temp-allocator-reduction-small-platforms=262144"
Player connection [14840]  Target information:

Player connection [14840]  * "[IP] 26.91.186.137 [Port] 0 [Flags] 2 [Guid] 2861439453 [EditorId] 2861439453 [Version] 1048832 [Id] WindowsEditor(7,ALPER) [Debug] 1 [PackageName] WindowsEditor [ProjectName] Editor" 

Player connection [14840]  * "[IP] 192.168.1.150 [Port] 0 [Flags] 2 [Guid] 2861439453 [EditorId] 2861439453 [Version] 1048832 [Id] WindowsEditor(7,ALPER) [Debug] 1 [PackageName] WindowsEditor [ProjectName] Editor" 

Player connection [14840] Host joined multi-casting on [225.0.0.222:54997]...
Player connection [14840] Host joined alternative multi-casting on [225.0.0.222:34997]...
JobSystem: Creating JobQueue using job-worker-count value 5
Input System module state changed to: Initialized.
[Physics::Module] Initialized fallback backend.
[Physics::Module] Id: 0xdecafbad
Library Redirect Path: Library/
[Physics::Module] Selected backend.
[Physics::Module] Name: PhysX
[Physics::Module] Id: 0xf2b8ea05
[Physics::Module] SDK Version: 4.1.2
[Physics::Module] Integration Version: 1.0.0
[Physics::Module] Threading Mode: Multi-Threaded
Initialize engine version: 6000.4.2f1 (7a4c1aeef971)
[Subsystems] Discovering subsystems at path C:/Program Files/Unity/Hub/Editor/6000.4.2f1/Editor/Data/Resources/UnitySubsystems
[Subsystems] Discovering subsystems at path C:/Users/alper/OneDrive/Masaüstü/Projects/Unity/Fantasy_Bookshop/Fantasy_Bookshop/Assets
Forcing GfxDevice: Direct3D 12
GfxDevice: creating device client; kGfxThreadingModeNonThreaded
d3d12: failed to query info queue interface (0x80004002).
Direct3D:
    Version:         Direct3D 12 [level 12.2]
    Renderer:        NVIDIA GeForce RTX 3050 Ti Laptop GPU (ID=0x25a0)
    Vendor:          NVIDIA
    VRAM:            3962 MB
    App VRAM Budget: 3367 MB
    Driver:          32.0.15.8183
Initialize mono
Mono path[0] = 'C:/Program Files/Unity/Hub/Editor/6000.4.2f1/Editor/Data/Managed'
Mono path[1] = 'C:/Program Files/Unity/Hub/Editor/6000.4.2f1/Editor/Data/MonoBleedingEdge/lib/mono/unityjit-win32'
Mono config path = 'C:/Program Files/Unity/Hub/Editor/6000.4.2f1/Editor/Data/MonoBleedingEdge/etc'
Using monoOptions --debugger-agent=transport=dt_socket,embedding=1,server=y,suspend=n,address=127.0.0.1:56568
CodeReloadManager initialized
Begin MonoManager ReloadAssembly
Registering precompiled unity dll's ...
Register platform support module: C:/Program Files/Unity/Hub/Editor/6000.4.2f1/Editor/Data/PlaybackEngines/WindowsStandaloneSupport/UnityEditor.WindowsStandalone.Extensions.dll
Registered in 0.002869 seconds.
[Licensing::Client] Error: HandshakeResponse reported an error:
	ResponseCode: 505
	ResponseStatus: Unsupported protocol version '1.18.1'.
[Licensing::Module] Error: Failed to handshake to channel: "LicenseClient-alper"
[Licensing::IpcConnector] LicenseClient-alper channel disconnected successfully.
[Licensing::IpcConnector] Successfully connected to: "LicenseClient-alper-6000.4.2" at "2026-05-23T03:03:01.8795628Z"
Native extension for WindowsStandalone target not found
Package Manager log level set to [2]
[Package Manager] Failed to launch server process. Reason: Unity was launched with the -noUpm command-line argument
[Package Manager] Unable to send message (not connected to server process).
[Package Manager] Cannot connect to Unity Package Manager local server
ScheduleIndexationOnStartup MainProcess:False IndexOnStartup:True
Mono: successfully reloaded assembly
- Finished resetting the current domain, in  0.736 seconds
Domain Reload Profiling: 1420ms
	BeginReloadAssembly (185ms)
	RebuildCommonClasses (64ms)
	RebuildNativeTypeToScriptingClass (17ms)
	initialDomainReloadingComplete (97ms)
	LoadAllAssembliesAndSetupDomain (320ms)
		LoadAssemblies (175ms)
		AnalyzeDomain (305ms)
			TypeCache.Refresh (302ms)
				TypeCache.ScanAssembly (273ms)
	FinalizeReload (738ms)
		SetupLoadedEditorAssemblies (0ms)
			InitializePlatformSupportModulesInManaged (89ms)
			BeforeProcessingInitializeOnLoad (165ms)
			ProcessInitializeOnLoadAttributes (172ms)
			ProcessInitializeOnLoadMethodAttributes (221ms)
========================================================================
Worker process is ready to serve import requests
Import Worker Mode flag is 0x00
Begin MonoManager ReloadAssembly
[Licensing::Module] Licensing is not yet initialized.
[Licensing::Client] Handshaking with LicensingClient:
  Version:                 1.18.1+9fbee8e
  Session Id:              a90a319b85b548a7b2f9642f3a4933fe
  Correlation Id:          1179867df33c01d835e9242dab30d85c
  External correlation Id: 2545303569693324676
  Machine Id:              aPOowwCoNmlmzRmhT7+iaNc/opM=
[Licensing::Module] Successfully connected to LicensingClient on channel: "LicenseClient-alper-6000.4.2" (connect: 0.00s, validation: 0.00s, handshake: 1.57s)
[Licensing::IpcConnector] Successfully connected to: "LicenseClient-alper-6000.4.2-notifications" at "2026-05-23T03:03:03.4493045Z"
[Licensing::Module] Licensing Background thread has ended after 3.27s
[Licensing::Module] Licensing is initialized (took 0.49s).
[Licensing::Client] Successfully resolved entitlement details
[Licensing::Module] License group:
  Id: F4-EDDV-NH36-DFSG-KPVM-XXXX
  Product: Unity Personal
  Type: ULF
  Expiration: Unlimited
[Licensing::Module] License group:
  Id: 18967685329695-UnityPersXXXX
  Product: Unity Personal
  Type: Assigned
  Expiration: Unlimited
Assembly Assembly-CSharp-Editor-firstpass.dll at Library/ScriptAssemblies/Assembly-CSharp-Editor-firstpass.dll not valid. Loading of assembly skipped.
Assembly Assembly-CSharp-Editor.dll at Library/ScriptAssemblies/Assembly-CSharp-Editor.dll not valid. Loading of assembly skipped.
Assembly Assembly-CSharp-firstpass.dll at Library/ScriptAssemblies/Assembly-CSharp-firstpass.dll not valid. Loading of assembly skipped.
Assembly Unity.2D.Sprite.Package.EditorTests.dll at Library/ScriptAssemblies/Unity.2D.Sprite.Package.EditorTests.dll not valid. Loading of assembly skipped.
Assembly Unity.Multiplayer.Center.Editor.Tests.dll at Library/ScriptAssemblies/Unity.Multiplayer.Center.Editor.Tests.dll not valid. Loading of assembly skipped.
Assembly Unity.Multiplayer.Center.Tests.dll at Library/ScriptAssemblies/Unity.Multiplayer.Center.Tests.dll not valid. Loading of assembly skipped.
Assembly Unity.TextMeshPro.Editor.Tests.dll at Library/ScriptAssemblies/Unity.TextMeshPro.Editor.Tests.dll not valid. Loading of assembly skipped.
Assembly Unity.TextMeshPro.Tests.dll at Library/ScriptAssemblies/Unity.TextMeshPro.Tests.dll not valid. Loading of assembly skipped.
Assembly UnityEditor.UI.Common.Tests.dll at Library/ScriptAssemblies/UnityEditor.UI.Common.Tests.dll not valid. Loading of assembly skipped.
Assembly UnityEditor.UI.EditorTests.dll at Library/ScriptAssemblies/UnityEditor.UI.EditorTests.dll not valid. Loading of assembly skipped.
Assembly UnityEngine.UI.Tests.dll at Library/ScriptAssemblies/UnityEngine.UI.Tests.dll not valid. Loading of assembly skipped.
Native extension for WindowsStandalone target not found
[Package Manager] Failed to launch server process. Reason: Unity was launched with the -noUpm command-line argument
[Package Manager] Unable to send message (not connected to server process).
[Package Manager] Cannot connect to Unity Package Manager local server
ScheduleIndexationOnStartup MainProcess:False IndexOnStartup:True
Mono: successfully reloaded assembly
- Finished resetting the current domain, in  0.505 seconds
Domain Reload Profiling: 1423ms
	BeginReloadAssembly (732ms)
		DisableScriptedObjects (10ms)
		CreateAndSetChildDomain (35ms)
	RebuildCommonClasses (47ms)
	RebuildNativeTypeToScriptingClass (16ms)
	initialDomainReloadingComplete (59ms)
	LoadAllAssembliesAndSetupDomain (62ms)
		LoadAssemblies (143ms)
		AnalyzeDomain (47ms)
			TypeCache.Refresh (36ms)
				TypeCache.ScanAssembly (24ms)
			BuildScriptInfoCaches (6ms)
			ResolveRequiredComponents (3ms)
	FinalizeReload (507ms)
		SetupLoadedEditorAssemblies (0ms)
			BeforeProcessingInitializeOnLoad (145ms)
			ProcessInitializeOnLoadAttributes (123ms)
			ProcessInitializeOnLoadMethodAttributes (64ms)
			AfterProcessingInitializeOnLoad (11ms)
		AwakeInstancesAfterBackupRestoration (10ms)
Launched and connected shader compiler UnityShaderCompiler.exe after 0.02 seconds
Unloading 0 Unused Serialized files (Serialized files now loaded: 0)
Unloading 495 unused Assets / (80.0 KB). Loaded Objects now: 1115.
Memory consumption went from 70.2 MB to 70.2 MB.
Total: 4.799700 ms (FindLiveObjects: 0.096200 ms CreateObjectMapping: 0.031400 ms MarkObjects: 4.468300 ms  DeleteObjects: 0.201200 ms)

========================================================================
Received Prepare
Unloading 0 Unused Serialized files (Serialized files now loaded: 0)
Unloading 494 unused Assets / (35.3 KB). Loaded Objects now: 1116.
Memory consumption went from 70.0 MB to 70.0 MB.
Total: 5.396700 ms (FindLiveObjects: 0.096500 ms CreateObjectMapping: 0.027200 ms MarkObjects: 5.083500 ms  DeleteObjects: 0.188100 ms)

Prepare: number of updated asset objects reloaded= 0
========================================================================
Received Prepare
Begin MonoManager ReloadAssembly
[Licensing::Client] Successfully resolved entitlement details
[Licensing::Module] License group:
  Id: F4-EDDV-NH36-DFSG-KPVM-XXXX
  Product: Unity Personal
  Type: ULF
  Expiration: Unlimited
[Licensing::Module] License group:
  Id: 18967685329695-UnityPersXXXX
  Product: Unity Personal
  Type: Assigned
  Expiration: Unlimited
Assembly Assembly-CSharp-Editor-firstpass.dll at Library/ScriptAssemblies/Assembly-CSharp-Editor-firstpass.dll not valid. Loading of assembly skipped.
Assembly Assembly-CSharp-Editor.dll at Library/ScriptAssemblies/Assembly-CSharp-Editor.dll not valid. Loading of assembly skipped.
Assembly Assembly-CSharp-firstpass.dll at Library/ScriptAssemblies/Assembly-CSharp-firstpass.dll not valid. Loading of assembly skipped.
Assembly Unity.2D.Sprite.Package.EditorTests.dll at Library/ScriptAssemblies/Unity.2D.Sprite.Package.EditorTests.dll not valid. Loading of assembly skipped.
Assembly Unity.Multiplayer.Center.Editor.Tests.dll at Library/ScriptAssemblies/Unity.Multiplayer.Center.Editor.Tests.dll not valid. Loading of assembly skipped.
Assembly Unity.Multiplayer.Center.Tests.dll at Library/ScriptAssemblies/Unity.Multiplayer.Center.Tests.dll not valid. Loading of assembly skipped.
Assembly Unity.TextMeshPro.Editor.Tests.dll at Library/ScriptAssemblies/Unity.TextMeshPro.Editor.Tests.dll not valid. Loading of assembly skipped.
Assembly Unity.TextMeshPro.Tests.dll at Library/ScriptAssemblies/Unity.TextMeshPro.Tests.dll not valid. Loading of assembly skipped.
Assembly UnityEditor.UI.Common.Tests.dll at Library/ScriptAssemblies/UnityEditor.UI.Common.Tests.dll not valid. Loading of assembly skipped.
Assembly UnityEditor.UI.EditorTests.dll at Library/ScriptAssemblies/UnityEditor.UI.EditorTests.dll not valid. Loading of assembly skipped.
Assembly UnityEngine.UI.Tests.dll at Library/ScriptAssemblies/UnityEngine.UI.Tests.dll not valid. Loading of assembly skipped.
Native extension for WindowsStandalone target not found
[Package Manager] Failed to launch server process. Reason: Unity was launched with the -noUpm command-line argument
[Package Manager] Unable to send message (not connected to server process).
[Package Manager] Cannot connect to Unity Package Manager local server
ScheduleIndexationOnStartup MainProcess:False IndexOnStartup:True
Mono: successfully reloaded assembly
- Finished resetting the current domain, in  1.293 seconds
Domain Reload Profiling: 2851ms
	BeginReloadAssembly (570ms)
		DisableScriptedObjects (21ms)
		CreateAndSetChildDomain (57ms)
	RebuildCommonClasses (715ms)
	RebuildNativeTypeToScriptingClass (51ms)
	initialDomainReloadingComplete (156ms)
	LoadAllAssembliesAndSetupDomain (63ms)
		LoadAssemblies (371ms)
		AnalyzeDomain (39ms)
			TypeCache.Refresh (8ms)
			BuildScriptInfoCaches (21ms)
			ResolveRequiredComponents (7ms)
	FinalizeReload (1296ms)
		SetupLoadedEditorAssemblies (0ms)
			InitializePlatformSupportModulesInManaged (4ms)
			BeforeProcessingInitializeOnLoad (700ms)
			ProcessInitializeOnLoadAttributes (183ms)
			ProcessInitializeOnLoadMethodAttributes (100ms)
			AfterProcessingInitializeOnLoad (17ms)
		AwakeInstancesAfterBackupRestoration (15ms)
Unloading 0 Unused Serialized files (Serialized files now loaded: 0)
Unloading 494 unused Assets / (43.8 KB). Loaded Objects now: 1116.
Memory consumption went from 71.0 MB to 70.9 MB.
Total: 7.797100 ms (FindLiveObjects: 0.168100 ms CreateObjectMapping: 0.048100 ms MarkObjects: 7.398700 ms  DeleteObjects: 0.180600 ms)

Prepare: number of updated asset objects reloaded= 0
========================================================================
Received Prepare
Unloading 0 Unused Serialized files (Serialized files now loaded: 0)
Unloading 494 unused Assets / (50.2 KB). Loaded Objects now: 1116.
Memory consumption went from 72.3 MB to 72.3 MB.
Total: 5.154000 ms (FindLiveObjects: 0.151300 ms CreateObjectMapping: 0.043400 ms MarkObjects: 4.742000 ms  DeleteObjects: 0.215500 ms)

Prepare: number of updated asset objects reloaded= 0
========================================================================
Received Prepare
Unloading 0 Unused Serialized files (Serialized files now loaded: 0)
Unloading 494 unused Assets / (79.9 KB). Loaded Objects now: 1116.
Memory consumption went from 73.5 MB to 73.4 MB.
Total: 7.819200 ms (FindLiveObjects: 0.165300 ms CreateObjectMapping: 0.045500 ms MarkObjects: 7.380700 ms  DeleteObjects: 0.226000 ms)

Prepare: number of updated asset objects reloaded= 0
========================================================================
Received Prepare
Begin MonoManager ReloadAssembly
[Licensing::Client] Successfully resolved entitlement details
[Licensing::Module] License group:
  Id: F4-EDDV-NH36-DFSG-KPVM-XXXX
  Product: Unity Personal
  Type: ULF
  Expiration: Unlimited
[Licensing::Module] License group:
  Id: 18967685329695-UnityPersXXXX
  Product: Unity Personal
  Type: Assigned
  Expiration: Unlimited
Assembly Assembly-CSharp-Editor-firstpass.dll at Library/ScriptAssemblies/Assembly-CSharp-Editor-firstpass.dll not valid. Loading of assembly skipped.
Assembly Assembly-CSharp-Editor.dll at Library/ScriptAssemblies/Assembly-CSharp-Editor.dll not valid. Loading of assembly skipped.
Assembly Assembly-CSharp-firstpass.dll at Library/ScriptAssemblies/Assembly-CSharp-firstpass.dll not valid. Loading of assembly skipped.
Assembly Unity.2D.Sprite.Package.EditorTests.dll at Library/ScriptAssemblies/Unity.2D.Sprite.Package.EditorTests.dll not valid. Loading of assembly skipped.
Assembly Unity.Multiplayer.Center.Editor.Tests.dll at Library/ScriptAssemblies/Unity.Multiplayer.Center.Editor.Tests.dll not valid. Loading of assembly skipped.
Assembly Unity.Multiplayer.Center.Tests.dll at Library/ScriptAssemblies/Unity.Multiplayer.Center.Tests.dll not valid. Loading of assembly skipped.
Assembly Unity.TextMeshPro.Editor.Tests.dll at Library/ScriptAssemblies/Unity.TextMeshPro.Editor.Tests.dll not valid. Loading of assembly skipped.
Assembly Unity.TextMeshPro.Tests.dll at Library/ScriptAssemblies/Unity.TextMeshPro.Tests.dll not valid. Loading of assembly skipped.
Assembly UnityEditor.UI.Common.Tests.dll at Library/ScriptAssemblies/UnityEditor.UI.Common.Tests.dll not valid. Loading of assembly skipped.
Assembly UnityEditor.UI.EditorTests.dll at Library/ScriptAssemblies/UnityEditor.UI.EditorTests.dll not valid. Loading of assembly skipped.
Assembly UnityEngine.UI.Tests.dll at Library/ScriptAssemblies/UnityEngine.UI.Tests.dll not valid. Loading of assembly skipped.
Native extension for WindowsStandalone target not found
[Package Manager] Failed to launch server process. Reason: Unity was launched with the -noUpm command-line argument
[Package Manager] Unable to send message (not connected to server process).
[Package Manager] Cannot connect to Unity Package Manager local server
ScheduleIndexationOnStartup MainProcess:False IndexOnStartup:True
Mono: successfully reloaded assembly
- Finished resetting the current domain, in  0.596 seconds
Domain Reload Profiling: 1087ms
	BeginReloadAssembly (276ms)
		DisableScriptedObjects (9ms)
		CreateAndSetChildDomain (36ms)
	RebuildCommonClasses (74ms)
	RebuildNativeTypeToScriptingClass (19ms)
	initialDomainReloadingComplete (72ms)
	LoadAllAssembliesAndSetupDomain (47ms)
		LoadAssemblies (177ms)
		AnalyzeDomain (28ms)
			TypeCache.Refresh (6ms)
			BuildScriptInfoCaches (16ms)
			ResolveRequiredComponents (4ms)
	FinalizeReload (599ms)
		SetupLoadedEditorAssemblies (0ms)
			InitializePlatformSupportModulesInManaged (3ms)
			BeforeProcessingInitializeOnLoad (187ms)
			ProcessInitializeOnLoadAttributes (125ms)
			ProcessInitializeOnLoadMethodAttributes (63ms)
			AfterProcessingInitializeOnLoad (11ms)
		AwakeInstancesAfterBackupRestoration (16ms)
Unloading 0 Unused Serialized files (Serialized files now loaded: 0)
Unloading 494 unused Assets / (36.1 KB). Loaded Objects now: 1116.
Memory consumption went from 74.4 MB to 74.4 MB.
Total: 5.026800 ms (FindLiveObjects: 0.093800 ms CreateObjectMapping: 0.041600 ms MarkObjects: 4.751300 ms  DeleteObjects: 0.139200 ms)

Prepare: number of updated asset objects reloaded= 0
========================================================================
Received Import Request.
  Time since last request: 207116.748770 seconds.
  path: Assets/Scripts/Yeni/BackToStartMenu.cs
  importAddress: Guid(e8eb70d884e6e2a4f9797dd71cd56449) Importer(815301076,1909f56bfc062723c751e8b465ee728b)
Start importing Assets/Scripts/Yeni/BackToStartMenu.cs using Guid(e8eb70d884e6e2a4f9797dd71cd56449) Importer(815301076,1909f56bfc062723c751e8b465ee728b) (PreviewImporter) -> (Import Result ID: '968a14de27f7da2c6bfbcc3b6095873e') in 0.0142369 seconds [static and dynamic dependencies]. Details - ImportResultOutputID=1f3fc128c25ac759301c11ea55db7384 DependenciesID=e141bd4a85339e60ed5501abc2d5f9ce StaticDependenciesID=01f693a3023272c895ea18e9fa67acc1 
Number of updated asset objects reloaded before import = 0Number of asset objects unloaded after import = 0

========================================================================
Received Prepare
Begin MonoManager ReloadAssembly
[Licensing::Client] Successfully resolved entitlement details
[Licensing::Module] License group:
  Id: F4-EDDV-NH36-DFSG-KPVM-XXXX
  Product: Unity Personal
  Type: ULF
  Expiration: Unlimited
[Licensing::Module] License group:
  Id: 18967685329695-UnityPersXXXX
  Product: Unity Personal
  Type: Assigned
  Expiration: Unlimited
Assembly Assembly-CSharp-Editor-firstpass.dll at Library/ScriptAssemblies/Assembly-CSharp-Editor-firstpass.dll not valid. Loading of assembly skipped.
Assembly Assembly-CSharp-Editor.dll at Library/ScriptAssemblies/Assembly-CSharp-Editor.dll not valid. Loading of assembly skipped.
Assembly Assembly-CSharp-firstpass.dll at Library/ScriptAssemblies/Assembly-CSharp-firstpass.dll not valid. Loading of assembly skipped.
Assembly Unity.2D.Sprite.Package.EditorTests.dll at Library/ScriptAssemblies/Unity.2D.Sprite.Package.EditorTests.dll not valid. Loading of assembly skipped.
Assembly Unity.Multiplayer.Center.Editor.Tests.dll at Library/ScriptAssemblies/Unity.Multiplayer.Center.Editor.Tests.dll not valid. Loading of assembly skipped.
Assembly Unity.Multiplayer.Center.Tests.dll at Library/ScriptAssemblies/Unity.Multiplayer.Center.Tests.dll not valid. Loading of assembly skipped.
Assembly Unity.TextMeshPro.Editor.Tests.dll at Library/ScriptAssemblies/Unity.TextMeshPro.Editor.Tests.dll not valid. Loading of assembly skipped.
Assembly Unity.TextMeshPro.Tests.dll at Library/ScriptAssemblies/Unity.TextMeshPro.Tests.dll not valid. Loading of assembly skipped.
Assembly UnityEditor.UI.Common.Tests.dll at Library/ScriptAssemblies/UnityEditor.UI.Common.Tests.dll not valid. Loading of assembly skipped.
Assembly UnityEditor.UI.EditorTests.dll at Library/ScriptAssemblies/UnityEditor.UI.EditorTests.dll not valid. Loading of assembly skipped.
Assembly UnityEngine.UI.Tests.dll at Library/ScriptAssemblies/UnityEngine.UI.Tests.dll not valid. Loading of assembly skipped.
Native extension for WindowsStandalone target not found
[Package Manager] Failed to launch server process. Reason: Unity was launched with the -noUpm command-line argument
[Package Manager] Unable to send message (not connected to server process).
[Package Manager] Cannot connect to Unity Package Manager local server
ScheduleIndexationOnStartup MainProcess:False IndexOnStartup:True
Mono: successfully reloaded assembly
- Finished resetting the current domain, in  0.639 seconds
Domain Reload Profiling: 1130ms
	BeginReloadAssembly (271ms)
		DisableScriptedObjects (12ms)
		CreateAndSetChildDomain (39ms)
	RebuildCommonClasses (51ms)
	RebuildNativeTypeToScriptingClass (16ms)
	initialDomainReloadingComplete (69ms)
	LoadAllAssembliesAndSetupDomain (82ms)
		LoadAssemblies (160ms)
		AnalyzeDomain (57ms)
			TypeCache.Refresh (9ms)
			BuildScriptInfoCaches (33ms)
			ResolveRequiredComponents (9ms)
	FinalizeReload (641ms)
		SetupLoadedEditorAssemblies (0ms)
			InitializePlatformSupportModulesInManaged (3ms)
			BeforeProcessingInitializeOnLoad (205ms)
			ProcessInitializeOnLoadAttributes (133ms)
			ProcessInitializeOnLoadMethodAttributes (75ms)
			AfterProcessingInitializeOnLoad (15ms)
		AwakeInstancesAfterBackupRestoration (13ms)
Unloading 0 Unused Serialized files (Serialized files now loaded: 0)
Unloading 494 unused Assets / (40.0 KB). Loaded Objects now: 1118.
Memory consumption went from 70.7 MB to 70.7 MB.
Total: 6.036700 ms (FindLiveObjects: 0.136600 ms CreateObjectMapping: 0.034400 ms MarkObjects: 5.654400 ms  DeleteObjects: 0.209600 ms)

Prepare: number of updated asset objects reloaded= 0
========================================================================
Received Import Request.
  Time since last request: 516.291268 seconds.
  path: Assets/Scripts/Yeni/DayManager.cs
  importAddress: Guid(ef1a5466627bc4447a540bd5f55f31f9) Importer(815301076,1909f56bfc062723c751e8b465ee728b)
Start importing Assets/Scripts/Yeni/DayManager.cs using Guid(ef1a5466627bc4447a540bd5f55f31f9) Importer(815301076,1909f56bfc062723c751e8b465ee728b) (PreviewImporter) -> (Import Result ID: '9a405c6d5b69e04afe9997e054bb84ff') in 0.0033504 seconds [static and dynamic dependencies]. Details - ImportResultOutputID=31ae788fdb6d8eb338e9c3fdae8fb99d DependenciesID=5485886d63ef1a57cefd5861e529d721 StaticDependenciesID=5ff4f2d1aede1fe9bd976f076bc1441b 
Number of updated asset objects reloaded before import = 0Number of asset objects unloaded after import = 0

========================================================================
Received Prepare
Unloading 0 Unused Serialized files (Serialized files now loaded: 0)
Unloading 494 unused Assets / (57.6 KB). Loaded Objects now: 1118.
Memory consumption went from 70.9 MB to 70.9 MB.
Total: 7.397800 ms (FindLiveObjects: 0.121400 ms CreateObjectMapping: 0.031600 ms MarkObjects: 7.073000 ms  DeleteObjects: 0.170100 ms)

Prepare: number of updated asset objects reloaded= 0
========================================================================
Received Import Request.
  Time since last request: 131.543784 seconds.
  path: Assets/Scenes/EndDayReport.unity
  importAddress: Guid(64dd161715473204ea7ac53a532b39c9) Importer(2089858483,b0f066a214c2f5e87bad3c948f4d605d)
Start importing Assets/Scenes/EndDayReport.unity using Guid(64dd161715473204ea7ac53a532b39c9) Importer(2089858483,b0f066a214c2f5e87bad3c948f4d605d) (ScriptedImporter) -> (Import Result ID: '36ef706ce3b36aee49705f9f94e01d56') in 0.1370479 seconds [static and dynamic dependencies]. Details - ImportResultOutputID=099997d54bacc2b37615dbbb783512e9 DependenciesID=8df53efd06d2fcae429da8547d2d107c StaticDependenciesID=d4b1bdaff1f27c4dd1bc164cd36194cb 
Number of updated asset objects reloaded before import = 0Number of asset objects unloaded after import = 1

========================================================================
Received Import Request.
  Time since last request: 0.000030 seconds.
  path: Assets/Scripts/Yeni/TradingManager.cs
  importAddress: Guid(d6075ce9fb0445c4c9b9896f3ca42519) Importer(2089858483,b0f066a214c2f5e87bad3c948f4d605d)
Start importing Assets/Scripts/Yeni/TradingManager.cs using Guid(d6075ce9fb0445c4c9b9896f3ca42519) Importer(2089858483,b0f066a214c2f5e87bad3c948f4d605d) (ScriptedImporter) -> (Import Result ID: '8840c24c57b2e45d35f9626bfaa4b5d2') in 0.0359493 seconds [static and dynamic dependencies]. Details - ImportResultOutputID=fc29ca93e0c259b98018e65ccda821a9 DependenciesID=29e67e5c2988b952a402cb35fe532abb StaticDependenciesID=39f54812bc0e154433a968ac63e9248e 
Number of updated asset objects reloaded before import = 0Number of asset objects unloaded after import = 0

========================================================================
Received Prepare
Unloading 0 Unused Serialized files (Serialized files now loaded: 0)
Unloading 495 unused Assets / (61.2 KB). Loaded Objects now: 1119.
Memory consumption went from 71.0 MB to 70.9 MB.
Total: 7.469400 ms (FindLiveObjects: 0.235000 ms CreateObjectMapping: 0.037200 ms MarkObjects: 7.023000 ms  DeleteObjects: 0.173100 ms)

Prepare: number of updated asset objects reloaded= 0
========================================================================
Received Import Request.
  Time since last request: 0.827620 seconds.
  path: Assets/Scripts/Yeni/EndOfDayReportUI.cs
  importAddress: Guid(07d07d8fc418f734bbdc41c687ee1973) Importer(815301076,1909f56bfc062723c751e8b465ee728b)
Start importing Assets/Scripts/Yeni/EndOfDayReportUI.cs using Guid(07d07d8fc418f734bbdc41c687ee1973) Importer(815301076,1909f56bfc062723c751e8b465ee728b) (PreviewImporter) -> (Import Result ID: '768d6f52acbc641d3ea74c9e96aa2e1c') in 0.0009118 seconds [static and dynamic dependencies]. Details - ImportResultOutputID=733c6eb09de524cd7477ca15cf10059b DependenciesID=057d10384c4221c48d7521c29dd8123a StaticDependenciesID=73c118a08a7cb3c6dd5b1405250767b8 
Number of updated asset objects reloaded before import = 0Number of asset objects unloaded after import = 0

========================================================================
Received Prepare
Unloading 0 Unused Serialized files (Serialized files now loaded: 0)
Unloading 495 unused Assets / (49.5 KB). Loaded Objects now: 1119.
Memory consumption went from 71.0 MB to 70.9 MB.
Total: 5.451700 ms (FindLiveObjects: 0.101400 ms CreateObjectMapping: 0.030600 ms MarkObjects: 5.173600 ms  DeleteObjects: 0.144900 ms)

Prepare: number of updated asset objects reloaded= 0
========================================================================
Received Prepare
Begin MonoManager ReloadAssembly
[Licensing::Client] Successfully resolved entitlement details
[Licensing::Module] License group:
  Id: F4-EDDV-NH36-DFSG-KPVM-XXXX
  Product: Unity Personal
  Type: ULF
  Expiration: Unlimited
[Licensing::Module] License group:
  Id: 18967685329695-UnityPersXXXX
  Product: Unity Personal
  Type: Assigned
  Expiration: Unlimited
Assembly Assembly-CSharp-Editor-firstpass.dll at Library/ScriptAssemblies/Assembly-CSharp-Editor-firstpass.dll not valid. Loading of assembly skipped.
Assembly Assembly-CSharp-Editor.dll at Library/ScriptAssemblies/Assembly-CSharp-Editor.dll not valid. Loading of assembly skipped.
Assembly Assembly-CSharp-firstpass.dll at Library/ScriptAssemblies/Assembly-CSharp-firstpass.dll not valid. Loading of assembly skipped.
Assembly Unity.2D.Sprite.Package.EditorTests.dll at Library/ScriptAssemblies/Unity.2D.Sprite.Package.EditorTests.dll not valid. Loading of assembly skipped.
Assembly Unity.Multiplayer.Center.Editor.Tests.dll at Library/ScriptAssemblies/Unity.Multiplayer.Center.Editor.Tests.dll not valid. Loading of assembly skipped.
Assembly Unity.Multiplayer.Center.Tests.dll at Library/ScriptAssemblies/Unity.Multiplayer.Center.Tests.dll not valid. Loading of assembly skipped.
Assembly Unity.TextMeshPro.Editor.Tests.dll at Library/ScriptAssemblies/Unity.TextMeshPro.Editor.Tests.dll not valid. Loading of assembly skipped.
Assembly Unity.TextMeshPro.Tests.dll at Library/ScriptAssemblies/Unity.TextMeshPro.Tests.dll not valid. Loading of assembly skipped.
Assembly UnityEditor.UI.Common.Tests.dll at Library/ScriptAssemblies/UnityEditor.UI.Common.Tests.dll not valid. Loading of assembly skipped.
Assembly UnityEditor.UI.EditorTests.dll at Library/ScriptAssemblies/UnityEditor.UI.EditorTests.dll not valid. Loading of assembly skipped.
Assembly UnityEngine.UI.Tests.dll at Library/ScriptAssemblies/UnityEngine.UI.Tests.dll not valid. Loading of assembly skipped.
Native extension for WindowsStandalone target not found
[Package Manager] Failed to launch server process. Reason: Unity was launched with the -noUpm command-line argument
[Package Manager] Unable to send message (not connected to server process).
[Package Manager] Cannot connect to Unity Package Manager local server
ScheduleIndexationOnStartup MainProcess:False IndexOnStartup:True
Mono: successfully reloaded assembly
- Finished resetting the current domain, in  0.605 seconds
Domain Reload Profiling: 1076ms
	BeginReloadAssembly (307ms)
		DisableScriptedObjects (8ms)
		CreateAndSetChildDomain (45ms)
	RebuildCommonClasses (48ms)
	RebuildNativeTypeToScriptingClass (15ms)
	initialDomainReloadingComplete (53ms)
	LoadAllAssembliesAndSetupDomain (45ms)
		LoadAssemblies (194ms)
		AnalyzeDomain (27ms)
			TypeCache.Refresh (6ms)
			BuildScriptInfoCaches (13ms)
			ResolveRequiredComponents (6ms)
	FinalizeReload (607ms)
		SetupLoadedEditorAssemblies (0ms)
			BeforeProcessingInitializeOnLoad (183ms)
			ProcessInitializeOnLoadAttributes (154ms)
			ProcessInitializeOnLoadMethodAttributes (77ms)
			AfterProcessingInitializeOnLoad (12ms)
		AwakeInstancesAfterBackupRestoration (11ms)
Unloading 0 Unused Serialized files (Serialized files now loaded: 0)
Unloading 495 unused Assets / (58.4 KB). Loaded Objects now: 1119.
Memory consumption went from 71.9 MB to 71.8 MB.
Total: 5.014400 ms (FindLiveObjects: 0.098500 ms CreateObjectMapping: 0.030200 ms MarkObjects: 4.725700 ms  DeleteObjects: 0.158300 ms)

Prepare: number of updated asset objects reloaded= 0
========================================================================
Received Import Request.
  Time since last request: 123.857487 seconds.
  path: Assets/Scripts/Yeni/EndOfDayReportUI.cs
  importAddress: Guid(07d07d8fc418f734bbdc41c687ee1973) Importer(815301076,1909f56bfc062723c751e8b465ee728b)
Start importing Assets/Scripts/Yeni/EndOfDayReportUI.cs using Guid(07d07d8fc418f734bbdc41c687ee1973) Importer(815301076,1909f56bfc062723c751e8b465ee728b) (PreviewImporter) -> (Import Result ID: '50fd4d05c93a0e432f24b31ce310a2a5') in 0.0024356 seconds [static and dynamic dependencies]. Details - ImportResultOutputID=733c6eb09de524cd7477ca15cf10059b DependenciesID=3087d6802dd0bab12a496feabc959602 StaticDependenciesID=73d4494e6c34a207ac0cf1da2cef396a 
Number of updated asset objects reloaded before import = 0Number of asset objects unloaded after import = 0

========================================================================
Received Prepare
Begin MonoManager ReloadAssembly
[Licensing::Client] Successfully resolved entitlement details
[Licensing::Module] License group:
  Id: F4-EDDV-NH36-DFSG-KPVM-XXXX
  Product: Unity Personal
  Type: ULF
  Expiration: Unlimited
[Licensing::Module] License group:
  Id: 18967685329695-UnityPersXXXX
  Product: Unity Personal
  Type: Assigned
  Expiration: Unlimited
Assembly Assembly-CSharp-Editor-firstpass.dll at Library/ScriptAssemblies/Assembly-CSharp-Editor-firstpass.dll not valid. Loading of assembly skipped.
Assembly Assembly-CSharp-Editor.dll at Library/ScriptAssemblies/Assembly-CSharp-Editor.dll not valid. Loading of assembly skipped.
Assembly Assembly-CSharp-firstpass.dll at Library/ScriptAssemblies/Assembly-CSharp-firstpass.dll not valid. Loading of assembly skipped.
Assembly Unity.2D.Sprite.Package.EditorTests.dll at Library/ScriptAssemblies/Unity.2D.Sprite.Package.EditorTests.dll not valid. Loading of assembly skipped.
Assembly Unity.Multiplayer.Center.Editor.Tests.dll at Library/ScriptAssemblies/Unity.Multiplayer.Center.Editor.Tests.dll not valid. Loading of assembly skipped.
Assembly Unity.Multiplayer.Center.Tests.dll at Library/ScriptAssemblies/Unity.Multiplayer.Center.Tests.dll not valid. Loading of assembly skipped.
Assembly Unity.TextMeshPro.Editor.Tests.dll at Library/ScriptAssemblies/Unity.TextMeshPro.Editor.Tests.dll not valid. Loading of assembly skipped.
Assembly Unity.TextMeshPro.Tests.dll at Library/ScriptAssemblies/Unity.TextMeshPro.Tests.dll not valid. Loading of assembly skipped.
Assembly UnityEditor.UI.Common.Tests.dll at Library/ScriptAssemblies/UnityEditor.UI.Common.Tests.dll not valid. Loading of assembly skipped.
Assembly UnityEditor.UI.EditorTests.dll at Library/ScriptAssemblies/UnityEditor.UI.EditorTests.dll not valid. Loading of assembly skipped.
Assembly UnityEngine.UI.Tests.dll at Library/ScriptAssemblies/UnityEngine.UI.Tests.dll not valid. Loading of assembly skipped.
Native extension for WindowsStandalone target not found
[Package Manager] Failed to launch server process. Reason: Unity was launched with the -noUpm command-line argument
[Package Manager] Unable to send message (not connected to server process).
[Package Manager] Cannot connect to Unity Package Manager local server
ScheduleIndexationOnStartup MainProcess:False IndexOnStartup:True
Mono: successfully reloaded assembly
- Finished resetting the current domain, in  0.716 seconds
Domain Reload Profiling: 1319ms
	BeginReloadAssembly (363ms)
		DisableScriptedObjects (11ms)
		CreateAndSetChildDomain (54ms)
	RebuildCommonClasses (69ms)
	RebuildNativeTypeToScriptingClass (22ms)
	initialDomainReloadingComplete (88ms)
	LoadAllAssembliesAndSetupDomain (58ms)
		LoadAssemblies (231ms)
		AnalyzeDomain (36ms)
			TypeCache.Refresh (8ms)
			BuildScriptInfoCaches (20ms)
			ResolveRequiredComponents (5ms)
	FinalizeReload (719ms)
		SetupLoadedEditorAssemblies (0ms)
			InitializePlatformSupportModulesInManaged (3ms)
			BeforeProcessingInitializeOnLoad (211ms)
			ProcessInitializeOnLoadAttributes (165ms)
			ProcessInitializeOnLoadMethodAttributes (80ms)
			AfterProcessingInitializeOnLoad (16ms)
		AwakeInstancesAfterBackupRestoration (14ms)
Unloading 0 Unused Serialized files (Serialized files now loaded: 0)
Unloading 495 unused Assets / (15.7 KB). Loaded Objects now: 1119.
Memory consumption went from 70.8 MB to 70.8 MB.
Total: 7.677800 ms (FindLiveObjects: 0.216500 ms CreateObjectMapping: 0.047100 ms MarkObjects: 7.197300 ms  DeleteObjects: 0.215200 ms)

Prepare: number of updated asset objects reloaded= 0
========================================================================
Received Prepare
Unloading 0 Unused Serialized files (Serialized files now loaded: 0)
Unloading 495 unused Assets / (35.6 KB). Loaded Objects now: 1119.
Memory consumption went from 72.1 MB to 72.1 MB.
Total: 12.682900 ms (FindLiveObjects: 0.101300 ms CreateObjectMapping: 0.030300 ms MarkObjects: 12.286100 ms  DeleteObjects: 0.263900 ms)

Prepare: number of updated asset objects reloaded= 0
========================================================================
Received Prepare
Unloading 0 Unused Serialized files (Serialized files now loaded: 0)
Unloading 495 unused Assets / (61.2 KB). Loaded Objects now: 1119.
Memory consumption went from 73.2 MB to 73.2 MB.
Total: 6.955100 ms (FindLiveObjects: 0.136100 ms CreateObjectMapping: 0.038800 ms MarkObjects: 6.615500 ms  DeleteObjects: 0.163400 ms)

Prepare: number of updated asset objects reloaded= 0
========================================================================
Received Prepare
Unloading 0 Unused Serialized files (Serialized files now loaded: 0)
Unloading 495 unused Assets / (57.3 KB). Loaded Objects now: 1119.
Memory consumption went from 74.4 MB to 74.3 MB.
Total: 4.986500 ms (FindLiveObjects: 0.099400 ms CreateObjectMapping: 0.027000 ms MarkObjects: 4.688400 ms  DeleteObjects: 0.170600 ms)

Prepare: number of updated asset objects reloaded= 0
========================================================================
Received Prepare
Begin MonoManager ReloadAssembly
[Licensing::Client] Successfully resolved entitlement details
[Licensing::Module] License group:
  Id: F4-EDDV-NH36-DFSG-KPVM-XXXX
  Product: Unity Personal
  Type: ULF
  Expiration: Unlimited
[Licensing::Module] License group:
  Id: 18967685329695-UnityPersXXXX
  Product: Unity Personal
  Type: Assigned
  Expiration: Unlimited
Assembly Assembly-CSharp-Editor-firstpass.dll at Library/ScriptAssemblies/Assembly-CSharp-Editor-firstpass.dll not valid. Loading of assembly skipped.
Assembly Assembly-CSharp-Editor.dll at Library/ScriptAssemblies/Assembly-CSharp-Editor.dll not valid. Loading of assembly skipped.
Assembly Assembly-CSharp-firstpass.dll at Library/ScriptAssemblies/Assembly-CSharp-firstpass.dll not valid. Loading of assembly skipped.
Assembly Unity.2D.Sprite.Package.EditorTests.dll at Library/ScriptAssemblies/Unity.2D.Sprite.Package.EditorTests.dll not valid. Loading of assembly skipped.
Assembly Unity.Multiplayer.Center.Editor.Tests.dll at Library/ScriptAssemblies/Unity.Multiplayer.Center.Editor.Tests.dll not valid. Loading of assembly skipped.
Assembly Unity.Multiplayer.Center.Tests.dll at Library/ScriptAssemblies/Unity.Multiplayer.Center.Tests.dll not valid. Loading of assembly skipped.
Assembly Unity.TextMeshPro.Editor.Tests.dll at Library/ScriptAssemblies/Unity.TextMeshPro.Editor.Tests.dll not valid. Loading of assembly skipped.
Assembly Unity.TextMeshPro.Tests.dll at Library/ScriptAssemblies/Unity.TextMeshPro.Tests.dll not valid. Loading of assembly skipped.
Assembly UnityEditor.UI.Common.Tests.dll at Library/ScriptAssemblies/UnityEditor.UI.Common.Tests.dll not valid. Loading of assembly skipped.
Assembly UnityEditor.UI.EditorTests.dll at Library/ScriptAssemblies/UnityEditor.UI.EditorTests.dll not valid. Loading of assembly skipped.
Assembly UnityEngine.UI.Tests.dll at Library/ScriptAssemblies/UnityEngine.UI.Tests.dll not valid. Loading of assembly skipped.
Native extension for WindowsStandalone target not found
[Package Manager] Failed to launch server process. Reason: Unity was launched with the -noUpm command-line argument
[Package Manager] Unable to send message (not connected to server process).
[Package Manager] Cannot connect to Unity Package Manager local server
ScheduleIndexationOnStartup MainProcess:False IndexOnStartup:True
Mono: successfully reloaded assembly
- Finished resetting the current domain, in  0.638 seconds
Domain Reload Profiling: 1153ms
	BeginReloadAssembly (288ms)
		DisableScriptedObjects (9ms)
		CreateAndSetChildDomain (65ms)
	RebuildCommonClasses (78ms)
	RebuildNativeTypeToScriptingClass (24ms)
	initialDomainReloadingComplete (70ms)
	LoadAllAssembliesAndSetupDomain (52ms)
		LoadAssemblies (162ms)
		AnalyzeDomain (34ms)
			TypeCache.Refresh (7ms)
			BuildScriptInfoCaches (18ms)
			ResolveRequiredComponents (6ms)
	FinalizeReload (641ms)
		SetupLoadedEditorAssemblies (0ms)
			InitializePlatformSupportModulesInManaged (3ms)
			BeforeProcessingInitializeOnLoad (200ms)
			ProcessInitializeOnLoadAttributes (141ms)
			ProcessInitializeOnLoadMethodAttributes (83ms)
			AfterProcessingInitializeOnLoad (18ms)
		AwakeInstancesAfterBackupRestoration (14ms)
Unloading 0 Unused Serialized files (Serialized files now loaded: 0)
Unloading 495 unused Assets / (23.6 KB). Loaded Objects now: 1119.
Memory consumption went from 75.3 MB to 75.2 MB.
Total: 5.076300 ms (FindLiveObjects: 0.115400 ms CreateObjectMapping: 0.044900 ms MarkObjects: 4.772100 ms  DeleteObjects: 0.142900 ms)

Prepare: number of updated asset objects reloaded= 0
========================================================================
Received Import Request.
  Time since last request: 1736.418009 seconds.
  path: Assets/Scripts/Yeni/CloseEndDayReport.cs
  importAddress: Guid(e8eb70d884e6e2a4f9797dd71cd56449) Importer(815301076,1909f56bfc062723c751e8b465ee728b)
Start importing Assets/Scripts/Yeni/CloseEndDayReport.cs using Guid(e8eb70d884e6e2a4f9797dd71cd56449) Importer(815301076,1909f56bfc062723c751e8b465ee728b) (PreviewImporter) -> (Import Result ID: 'bf4c4b24ed52144dba5821a7be9e2418') in 0.0040134 seconds [static and dynamic dependencies]. Details - ImportResultOutputID=1f3fc128c25ac759301c11ea55db7384 DependenciesID=4f0990d7140041a753ad45eeb4921ca4 StaticDependenciesID=0c69b1ac49c38143010fd23119781dc8 
Number of updated asset objects reloaded before import = 0Number of asset objects unloaded after import = 0

========================================================================
Received Prepare
Begin MonoManager ReloadAssembly
[Licensing::Client] Successfully resolved entitlement details
[Licensing::Module] License group:
  Id: F4-EDDV-NH36-DFSG-KPVM-XXXX
  Product: Unity Personal
  Type: ULF
  Expiration: Unlimited
[Licensing::Module] License group:
  Id: 18967685329695-UnityPersXXXX
  Product: Unity Personal
  Type: Assigned
  Expiration: Unlimited
Assembly Assembly-CSharp-Editor-firstpass.dll at Library/ScriptAssemblies/Assembly-CSharp-Editor-firstpass.dll not valid. Loading of assembly skipped.
Assembly Assembly-CSharp-Editor.dll at Library/ScriptAssemblies/Assembly-CSharp-Editor.dll not valid. Loading of assembly skipped.
Assembly Assembly-CSharp-firstpass.dll at Library/ScriptAssemblies/Assembly-CSharp-firstpass.dll not valid. Loading of assembly skipped.
Assembly Unity.2D.Sprite.Package.EditorTests.dll at Library/ScriptAssemblies/Unity.2D.Sprite.Package.EditorTests.dll not valid. Loading of assembly skipped.
Assembly Unity.Multiplayer.Center.Editor.Tests.dll at Library/ScriptAssemblies/Unity.Multiplayer.Center.Editor.Tests.dll not valid. Loading of assembly skipped.
Assembly Unity.Multiplayer.Center.Tests.dll at Library/ScriptAssemblies/Unity.Multiplayer.Center.Tests.dll not valid. Loading of assembly skipped.
Assembly Unity.TextMeshPro.Editor.Tests.dll at Library/ScriptAssemblies/Unity.TextMeshPro.Editor.Tests.dll not valid. Loading of assembly skipped.
Assembly Unity.TextMeshPro.Tests.dll at Library/ScriptAssemblies/Unity.TextMeshPro.Tests.dll not valid. Loading of assembly skipped.
Assembly UnityEditor.UI.Common.Tests.dll at Library/ScriptAssemblies/UnityEditor.UI.Common.Tests.dll not valid. Loading of assembly skipped.
Assembly UnityEditor.UI.EditorTests.dll at Library/ScriptAssemblies/UnityEditor.UI.EditorTests.dll not valid. Loading of assembly skipped.
Assembly UnityEngine.UI.Tests.dll at Library/ScriptAssemblies/UnityEngine.UI.Tests.dll not valid. Loading of assembly skipped.
Native extension for WindowsStandalone target not found
[Package Manager] Failed to launch server process. Reason: Unity was launched with the -noUpm command-line argument
[Package Manager] Unable to send message (not connected to server process).
[Package Manager] Cannot connect to Unity Package Manager local server
ScheduleIndexationOnStartup MainProcess:False IndexOnStartup:True
Mono: successfully reloaded assembly
- Finished resetting the current domain, in  0.617 seconds
Domain Reload Profiling: 1099ms
	BeginReloadAssembly (283ms)
		DisableScriptedObjects (16ms)
		CreateAndSetChildDomain (36ms)
	RebuildCommonClasses (65ms)
	RebuildNativeTypeToScriptingClass (21ms)
	initialDomainReloadingComplete (69ms)
	LoadAllAssembliesAndSetupDomain (43ms)
		LoadAssemblies (173ms)
		AnalyzeDomain (27ms)
			TypeCache.Refresh (6ms)
			BuildScriptInfoCaches (15ms)
			ResolveRequiredComponents (4ms)
	FinalizeReload (619ms)
		SetupLoadedEditorAssemblies (0ms)
			InitializePlatformSupportModulesInManaged (3ms)
			BeforeProcessingInitializeOnLoad (162ms)
			ProcessInitializeOnLoadAttributes (159ms)
			ProcessInitializeOnLoadMethodAttributes (99ms)
			AfterProcessingInitializeOnLoad (13ms)
		AwakeInstancesAfterBackupRestoration (11ms)
Unloading 0 Unused Serialized files (Serialized files now loaded: 0)
Unloading 495 unused Assets / (46.9 KB). Loaded Objects now: 1119.
Memory consumption went from 70.8 MB to 70.7 MB.
Total: 6.023400 ms (FindLiveObjects: 0.099400 ms CreateObjectMapping: 0.030200 ms MarkObjects: 5.683900 ms  DeleteObjects: 0.208600 ms)

Prepare: number of updated asset objects reloaded= 0
========================================================================
Received Import Request.
  Time since last request: 255.039127 seconds.
  path: Assets/Scripts/Yeni/StartGameManager.cs
  importAddress: Guid(5a2340cf624e3b84f833ba6264dc10c3) Importer(815301076,1909f56bfc062723c751e8b465ee728b)
Start importing Assets/Scripts/Yeni/StartGameManager.cs using Guid(5a2340cf624e3b84f833ba6264dc10c3) Importer(815301076,1909f56bfc062723c751e8b465ee728b) (PreviewImporter) -> (Import Result ID: '572622fc8e0ad09507238c714e1765b9') in 0.0036444 seconds [static and dynamic dependencies]. Details - ImportResultOutputID=1364f1615800276cca71d3ece210ba46 DependenciesID=f5264cbbdca0da8a942fc76cfe8e9d93 StaticDependenciesID=b881f8b97f3e2651ecfe174cd986eba2 
Number of updated asset objects reloaded before import = 0Number of asset objects unloaded after import = 0

========================================================================
Received Prepare
Begin MonoManager ReloadAssembly
Assembly Assembly-CSharp-Editor-firstpass.dll at Library/ScriptAssemblies/Assembly-CSharp-Editor-firstpass.dll not valid. Loading of assembly skipped.
Assembly Assembly-CSharp-Editor.dll at Library/ScriptAssemblies/Assembly-CSharp-Editor.dll not valid. Loading of assembly skipped.
Assembly Assembly-CSharp-firstpass.dll at Library/ScriptAssemblies/Assembly-CSharp-firstpass.dll not valid. Loading of assembly skipped.
Assembly Unity.2D.Sprite.Package.EditorTests.dll at Library/ScriptAssemblies/Unity.2D.Sprite.Package.EditorTests.dll not valid. Loading of assembly skipped.
Assembly Unity.Multiplayer.Center.Editor.Tests.dll at Library/ScriptAssemblies/Unity.Multiplayer.Center.Editor.Tests.dll not valid. Loading of assembly skipped.
Assembly Unity.Multiplayer.Center.Tests.dll at Library/ScriptAssemblies/Unity.Multiplayer.Center.Tests.dll not valid. Loading of assembly skipped.
Assembly Unity.TextMeshPro.Editor.Tests.dll at Library/ScriptAssemblies/Unity.TextMeshPro.Editor.Tests.dll not valid. Loading of assembly skipped.
Assembly Unity.TextMeshPro.Tests.dll at Library/ScriptAssemblies/Unity.TextMeshPro.Tests.dll not valid. Loading of assembly skipped.
Assembly UnityEditor.UI.Common.Tests.dll at Library/ScriptAssemblies/UnityEditor.UI.Common.Tests.dll not valid. Loading of assembly skipped.
Assembly UnityEditor.UI.EditorTests.dll at Library/ScriptAssemblies/UnityEditor.UI.EditorTests.dll not valid. Loading of assembly skipped.
Assembly UnityEngine.UI.Tests.dll at Library/ScriptAssemblies/UnityEngine.UI.Tests.dll not valid. Loading of assembly skipped.
Native extension for WindowsStandalone target not found
[Package Manager] Failed to launch server process. Reason: Unity was launched with the -noUpm command-line argument
[Package Manager] Unable to send message (not connected to server process).
[Package Manager] Cannot connect to Unity Package Manager local server
ScheduleIndexationOnStartup MainProcess:False IndexOnStartup:True
Mono: successfully reloaded assembly
- Finished resetting the current domain, in  0.583 seconds
Domain Reload Profiling: 1026ms
	BeginReloadAssembly (251ms)
		DisableScriptedObjects (9ms)
		CreateAndSetChildDomain (32ms)
	RebuildCommonClasses (51ms)
	RebuildNativeTypeToScriptingClass (18ms)
	initialDomainReloadingComplete (69ms)
	LoadAllAssembliesAndSetupDomain (51ms)
		LoadAssemblies (159ms)
		AnalyzeDomain (30ms)
			TypeCache.Refresh (6ms)
			BuildScriptInfoCaches (19ms)
			ResolveRequiredComponents (4ms)
	FinalizeReload (587ms)
		SetupLoadedEditorAssemblies (0ms)
			InitializePlatformSupportModulesInManaged (3ms)
			BeforeProcessingInitializeOnLoad (211ms)
			ProcessInitializeOnLoadAttributes (118ms)
			ProcessInitializeOnLoadMethodAttributes (73ms)
			AfterProcessingInitializeOnLoad (11ms)
		AwakeInstancesAfterBackupRestoration (10ms)
Unloading 0 Unused Serialized files (Serialized files now loaded: 0)
Unloading 495 unused Assets / (73.5 KB). Loaded Objects now: 1119.
Memory consumption went from 70.8 MB to 70.7 MB.
Total: 15.611900 ms (FindLiveObjects: 0.098600 ms CreateObjectMapping: 0.028200 ms MarkObjects: 15.242500 ms  DeleteObjects: 0.241100 ms)

Prepare: number of updated asset objects reloaded= 0
========================================================================
Received Prepare
Begin MonoManager ReloadAssembly
Assembly Assembly-CSharp-Editor-firstpass.dll at Library/ScriptAssemblies/Assembly-CSharp-Editor-firstpass.dll not valid. Loading of assembly skipped.
Assembly Assembly-CSharp-Editor.dll at Library/ScriptAssemblies/Assembly-CSharp-Editor.dll not valid. Loading of assembly skipped.
Assembly Assembly-CSharp-firstpass.dll at Library/ScriptAssemblies/Assembly-CSharp-firstpass.dll not valid. Loading of assembly skipped.
Assembly Unity.2D.Sprite.Package.EditorTests.dll at Library/ScriptAssemblies/Unity.2D.Sprite.Package.EditorTests.dll not valid. Loading of assembly skipped.
Assembly Unity.Multiplayer.Center.Editor.Tests.dll at Library/ScriptAssemblies/Unity.Multiplayer.Center.Editor.Tests.dll not valid. Loading of assembly skipped.
Assembly Unity.Multiplayer.Center.Tests.dll at Library/ScriptAssemblies/Unity.Multiplayer.Center.Tests.dll not valid. Loading of assembly skipped.
Assembly Unity.TextMeshPro.Editor.Tests.dll at Library/ScriptAssemblies/Unity.TextMeshPro.Editor.Tests.dll not valid. Loading of assembly skipped.
Assembly Unity.TextMeshPro.Tests.dll at Library/ScriptAssemblies/Unity.TextMeshPro.Tests.dll not valid. Loading of assembly skipped.
Assembly UnityEditor.UI.Common.Tests.dll at Library/ScriptAssemblies/UnityEditor.UI.Common.Tests.dll not valid. Loading of assembly skipped.
Assembly UnityEditor.UI.EditorTests.dll at Library/ScriptAssemblies/UnityEditor.UI.EditorTests.dll not valid. Loading of assembly skipped.
Assembly UnityEngine.UI.Tests.dll at Library/ScriptAssemblies/UnityEngine.UI.Tests.dll not valid. Loading of assembly skipped.
Native extension for WindowsStandalone target not found
[Package Manager] Failed to launch server process. Reason: Unity was launched with the -noUpm command-line argument
[Package Manager] Unable to send message (not connected to server process).
[Package Manager] Cannot connect to Unity Package Manager local server
ScheduleIndexationOnStartup MainProcess:False IndexOnStartup:True
Mono: successfully reloaded assembly
- Finished resetting the current domain, in  0.631 seconds
Domain Reload Profiling: 1070ms
	BeginReloadAssembly (267ms)
		DisableScriptedObjects (8ms)
		CreateAndSetChildDomain (45ms)
	RebuildCommonClasses (49ms)
	RebuildNativeTypeToScriptingClass (16ms)
	initialDomainReloadingComplete (63ms)
	LoadAllAssembliesAndSetupDomain (41ms)
		LoadAssemblies (142ms)
		AnalyzeDomain (26ms)
			TypeCache.Refresh (4ms)
			BuildScriptInfoCaches (17ms)
			ResolveRequiredComponents (4ms)
	FinalizeReload (634ms)
		SetupLoadedEditorAssemblies (0ms)
			InitializePlatformSupportModulesInManaged (3ms)
			BeforeProcessingInitializeOnLoad (186ms)
			ProcessInitializeOnLoadAttributes (153ms)
			ProcessInitializeOnLoadMethodAttributes (74ms)
			AfterProcessingInitializeOnLoad (13ms)
		AwakeInstancesAfterBackupRestoration (12ms)
Unloading 0 Unused Serialized files (Serialized files now loaded: 0)
Unloading 495 unused Assets / (52.6 KB). Loaded Objects now: 1119.
Memory consumption went from 71.9 MB to 71.9 MB.
Total: 5.909400 ms (FindLiveObjects: 0.110500 ms CreateObjectMapping: 0.031300 ms MarkObjects: 5.609100 ms  DeleteObjects: 0.157600 ms)

Prepare: number of updated asset objects reloaded= 0
========================================================================
Received Prepare
Begin MonoManager ReloadAssembly
[Licensing::Client] Successfully resolved entitlement details
[Licensing::Module] License group:
  Id: F4-EDDV-NH36-DFSG-KPVM-XXXX
  Product: Unity Personal
  Type: ULF
  Expiration: Unlimited
[Licensing::Module] License group:
  Id: 18967685329695-UnityPersXXXX
  Product: Unity Personal
  Type: Assigned
  Expiration: Unlimited
Assembly Assembly-CSharp-Editor-firstpass.dll at Library/ScriptAssemblies/Assembly-CSharp-Editor-firstpass.dll not valid. Loading of assembly skipped.
Assembly Assembly-CSharp-Editor.dll at Library/ScriptAssemblies/Assembly-CSharp-Editor.dll not valid. Loading of assembly skipped.
Assembly Assembly-CSharp-firstpass.dll at Library/ScriptAssemblies/Assembly-CSharp-firstpass.dll not valid. Loading of assembly skipped.
Assembly Unity.2D.Sprite.Package.EditorTests.dll at Library/ScriptAssemblies/Unity.2D.Sprite.Package.EditorTests.dll not valid. Loading of assembly skipped.
Assembly Unity.Multiplayer.Center.Editor.Tests.dll at Library/ScriptAssemblies/Unity.Multiplayer.Center.Editor.Tests.dll not valid. Loading of assembly skipped.
Assembly Unity.Multiplayer.Center.Tests.dll at Library/ScriptAssemblies/Unity.Multiplayer.Center.Tests.dll not valid. Loading of assembly skipped.
Assembly Unity.TextMeshPro.Editor.Tests.dll at Library/ScriptAssemblies/Unity.TextMeshPro.Editor.Tests.dll not valid. Loading of assembly skipped.
Assembly Unity.TextMeshPro.Tests.dll at Library/ScriptAssemblies/Unity.TextMeshPro.Tests.dll not valid. Loading of assembly skipped.
Assembly UnityEditor.UI.Common.Tests.dll at Library/ScriptAssemblies/UnityEditor.UI.Common.Tests.dll not valid. Loading of assembly skipped.
Assembly UnityEditor.UI.EditorTests.dll at Library/ScriptAssemblies/UnityEditor.UI.EditorTests.dll not valid. Loading of assembly skipped.
Assembly UnityEngine.UI.Tests.dll at Library/ScriptAssemblies/UnityEngine.UI.Tests.dll not valid. Loading of assembly skipped.
Native extension for WindowsStandalone target not found
[Package Manager] Failed to launch server process. Reason: Unity was launched with the -noUpm command-line argument
[Package Manager] Unable to send message (not connected to server process).
[Package Manager] Cannot connect to Unity Package Manager local server
ScheduleIndexationOnStartup MainProcess:False IndexOnStartup:True
Mono: successfully reloaded assembly
- Finished resetting the current domain, in  0.644 seconds
Domain Reload Profiling: 1154ms
	BeginReloadAssembly (311ms)
		DisableScriptedObjects (41ms)
		CreateAndSetChildDomain (34ms)
	RebuildCommonClasses (55ms)
	RebuildNativeTypeToScriptingClass (16ms)
	initialDomainReloadingComplete (76ms)
	LoadAllAssembliesAndSetupDomain (49ms)
		LoadAssemblies (171ms)
		AnalyzeDomain (32ms)
			TypeCache.Refresh (6ms)
			BuildScriptInfoCaches (18ms)
			ResolveRequiredComponents (5ms)
	FinalizeReload (646ms)
		SetupLoadedEditorAssemblies (0ms)
			BeforeProcessingInitializeOnLoad (200ms)
			ProcessInitializeOnLoadAttributes (147ms)
			ProcessInitializeOnLoadMethodAttributes (74ms)
			AfterProcessingInitializeOnLoad (18ms)
		AwakeInstancesAfterBackupRestoration (17ms)
Unloading 0 Unused Serialized files (Serialized files now loaded: 0)
Unloading 495 unused Assets / (44.8 KB). Loaded Objects now: 1119.
Memory consumption went from 73.0 MB to 73.0 MB.
Total: 7.037200 ms (FindLiveObjects: 0.148500 ms CreateObjectMapping: 0.040300 ms MarkObjects: 6.703900 ms  DeleteObjects: 0.143200 ms)

Prepare: number of updated asset objects reloaded= 0
========================================================================
Received Import Request.
  Time since last request: 259.016373 seconds.
  path: Assets/Scripts/Yeni/DayManager.cs
  importAddress: Guid(ef1a5466627bc4447a540bd5f55f31f9) Importer(815301076,1909f56bfc062723c751e8b465ee728b)
Start importing Assets/Scripts/Yeni/DayManager.cs using Guid(ef1a5466627bc4447a540bd5f55f31f9) Importer(815301076,1909f56bfc062723c751e8b465ee728b) (PreviewImporter) -> (Import Result ID: '829144c52d1ca2d7d429579a20bb5c52') in 0.0042332 seconds [static and dynamic dependencies]. Details - ImportResultOutputID=31ae788fdb6d8eb338e9c3fdae8fb99d DependenciesID=6531bfc63f001e8cf39fda9857033e9d StaticDependenciesID=ae2bd603b6fbe9c4e8871b88287bccf7 
Number of updated asset objects reloaded before import = 0Number of asset objects unloaded after import = 0

========================================================================
Received Prepare
Begin MonoManager ReloadAssembly
Assembly Assembly-CSharp-Editor-firstpass.dll at Library/ScriptAssemblies/Assembly-CSharp-Editor-firstpass.dll not valid. Loading of assembly skipped.
Assembly Assembly-CSharp-Editor.dll at Library/ScriptAssemblies/Assembly-CSharp-Editor.dll not valid. Loading of assembly skipped.
Assembly Assembly-CSharp-firstpass.dll at Library/ScriptAssemblies/Assembly-CSharp-firstpass.dll not valid. Loading of assembly skipped.
Assembly Unity.2D.Sprite.Package.EditorTests.dll at Library/ScriptAssemblies/Unity.2D.Sprite.Package.EditorTests.dll not valid. Loading of assembly skipped.
Assembly Unity.Multiplayer.Center.Editor.Tests.dll at Library/ScriptAssemblies/Unity.Multiplayer.Center.Editor.Tests.dll not valid. Loading of assembly skipped.
Assembly Unity.Multiplayer.Center.Tests.dll at Library/ScriptAssemblies/Unity.Multiplayer.Center.Tests.dll not valid. Loading of assembly skipped.
Assembly Unity.TextMeshPro.Editor.Tests.dll at Library/ScriptAssemblies/Unity.TextMeshPro.Editor.Tests.dll not valid. Loading of assembly skipped.
Assembly Unity.TextMeshPro.Tests.dll at Library/ScriptAssemblies/Unity.TextMeshPro.Tests.dll not valid. Loading of assembly skipped.
Assembly UnityEditor.UI.Common.Tests.dll at Library/ScriptAssemblies/UnityEditor.UI.Common.Tests.dll not valid. Loading of assembly skipped.
Assembly UnityEditor.UI.EditorTests.dll at Library/ScriptAssemblies/UnityEditor.UI.EditorTests.dll not valid. Loading of assembly skipped.
Assembly UnityEngine.UI.Tests.dll at Library/ScriptAssemblies/UnityEngine.UI.Tests.dll not valid. Loading of assembly skipped.
Native extension for WindowsStandalone target not found
[Package Manager] Failed to launch server process. Reason: Unity was launched with the -noUpm command-line argument
[Package Manager] Unable to send message (not connected to server process).
[Package Manager] Cannot connect to Unity Package Manager local server
ScheduleIndexationOnStartup MainProcess:False IndexOnStartup:True
Mono: successfully reloaded assembly
- Finished resetting the current domain, in  0.579 seconds
Domain Reload Profiling: 1011ms
	BeginReloadAssembly (246ms)
		DisableScriptedObjects (8ms)
		CreateAndSetChildDomain (33ms)
	RebuildCommonClasses (53ms)
	RebuildNativeTypeToScriptingClass (17ms)
	initialDomainReloadingComplete (64ms)
	LoadAllAssembliesAndSetupDomain (50ms)
		LoadAssemblies (154ms)
		AnalyzeDomain (30ms)
			TypeCache.Refresh (5ms)
			BuildScriptInfoCaches (20ms)
			ResolveRequiredComponents (4ms)
	FinalizeReload (581ms)
		SetupLoadedEditorAssemblies (0ms)
			BeforeProcessingInitializeOnLoad (187ms)
			ProcessInitializeOnLoadAttributes (143ms)
			ProcessInitializeOnLoadMethodAttributes (69ms)
			AfterProcessingInitializeOnLoad (16ms)
		AwakeInstancesAfterBackupRestoration (12ms)
Unloading 0 Unused Serialized files (Serialized files now loaded: 0)
Unloading 495 unused Assets / (55.4 KB). Loaded Objects now: 1119.
Memory consumption went from 70.8 MB to 70.7 MB.
Total: 4.971800 ms (FindLiveObjects: 0.094900 ms CreateObjectMapping: 0.039300 ms MarkObjects: 4.691600 ms  DeleteObjects: 0.145100 ms)

Prepare: number of updated asset objects reloaded= 0
========================================================================
Received Prepare
Unloading 0 Unused Serialized files (Serialized files now loaded: 0)
Unloading 495 unused Assets / (50.5 KB). Loaded Objects now: 1119.
Memory consumption went from 72.1 MB to 72.1 MB.
Total: 9.817700 ms (FindLiveObjects: 0.323500 ms CreateObjectMapping: 0.048600 ms MarkObjects: 9.252800 ms  DeleteObjects: 0.190900 ms)

Prepare: number of updated asset objects reloaded= 0
========================================================================
Received Prepare
Begin MonoManager ReloadAssembly
[Licensing::Client] Successfully resolved entitlement details
[Licensing::Module] License group:
  Id: F4-EDDV-NH36-DFSG-KPVM-XXXX
  Product: Unity Personal
  Type: ULF
  Expiration: Unlimited
[Licensing::Module] License group:
  Id: 18967685329695-UnityPersXXXX
  Product: Unity Personal
  Type: Assigned
  Expiration: Unlimited
Assembly Assembly-CSharp-Editor-firstpass.dll at Library/ScriptAssemblies/Assembly-CSharp-Editor-firstpass.dll not valid. Loading of assembly skipped.
Assembly Assembly-CSharp-Editor.dll at Library/ScriptAssemblies/Assembly-CSharp-Editor.dll not valid. Loading of assembly skipped.
Assembly Assembly-CSharp-firstpass.dll at Library/ScriptAssemblies/Assembly-CSharp-firstpass.dll not valid. Loading of assembly skipped.
Assembly Unity.2D.Sprite.Package.EditorTests.dll at Library/ScriptAssemblies/Unity.2D.Sprite.Package.EditorTests.dll not valid. Loading of assembly skipped.
Assembly Unity.Multiplayer.Center.Editor.Tests.dll at Library/ScriptAssemblies/Unity.Multiplayer.Center.Editor.Tests.dll not valid. Loading of assembly skipped.
Assembly Unity.Multiplayer.Center.Tests.dll at Library/ScriptAssemblies/Unity.Multiplayer.Center.Tests.dll not valid. Loading of assembly skipped.
Assembly Unity.TextMeshPro.Editor.Tests.dll at Library/ScriptAssemblies/Unity.TextMeshPro.Editor.Tests.dll not valid. Loading of assembly skipped.
Assembly Unity.TextMeshPro.Tests.dll at Library/ScriptAssemblies/Unity.TextMeshPro.Tests.dll not valid. Loading of assembly skipped.
Assembly UnityEditor.UI.Common.Tests.dll at Library/ScriptAssemblies/UnityEditor.UI.Common.Tests.dll not valid. Loading of assembly skipped.
Assembly UnityEditor.UI.EditorTests.dll at Library/ScriptAssemblies/UnityEditor.UI.EditorTests.dll not valid. Loading of assembly skipped.
Assembly UnityEngine.UI.Tests.dll at Library/ScriptAssemblies/UnityEngine.UI.Tests.dll not valid. Loading of assembly skipped.
Native extension for WindowsStandalone target not found
[Package Manager] Failed to launch server process. Reason: Unity was launched with the -noUpm command-line argument
[Package Manager] Unable to send message (not connected to server process).
[Package Manager] Cannot connect to Unity Package Manager local server
ScheduleIndexationOnStartup MainProcess:False IndexOnStartup:True
Mono: successfully reloaded assembly
- Finished resetting the current domain, in  0.585 seconds
Domain Reload Profiling: 1026ms
	BeginReloadAssembly (255ms)
		DisableScriptedObjects (11ms)
		CreateAndSetChildDomain (36ms)
	RebuildCommonClasses (48ms)
	RebuildNativeTypeToScriptingClass (22ms)
	initialDomainReloadingComplete (73ms)
	LoadAllAssembliesAndSetupDomain (41ms)
		LoadAssemblies (159ms)
		AnalyzeDomain (24ms)
			TypeCache.Refresh (6ms)
			BuildScriptInfoCaches (13ms)
			ResolveRequiredComponents (4ms)
	FinalizeReload (587ms)
		SetupLoadedEditorAssemblies (0ms)
			BeforeProcessingInitializeOnLoad (162ms)
			ProcessInitializeOnLoadAttributes (136ms)
			ProcessInitializeOnLoadMethodAttributes (76ms)
			AfterProcessingInitializeOnLoad (18ms)
		AwakeInstancesAfterBackupRestoration (14ms)
Unloading 0 Unused Serialized files (Serialized files now loaded: 0)
Unloading 495 unused Assets / (54.0 KB). Loaded Objects now: 1119.
Memory consumption went from 73.1 MB to 73.0 MB.
Total: 5.731900 ms (FindLiveObjects: 0.112100 ms CreateObjectMapping: 0.030700 ms MarkObjects: 4.887300 ms  DeleteObjects: 0.700500 ms)

Prepare: number of updated asset objects reloaded= 0
========================================================================
Received Prepare
Begin MonoManager ReloadAssembly
Assembly Assembly-CSharp-Editor-firstpass.dll at Library/ScriptAssemblies/Assembly-CSharp-Editor-firstpass.dll not valid. Loading of assembly skipped.
Assembly Assembly-CSharp-Editor.dll at Library/ScriptAssemblies/Assembly-CSharp-Editor.dll not valid. Loading of assembly skipped.
Assembly Assembly-CSharp-firstpass.dll at Library/ScriptAssemblies/Assembly-CSharp-firstpass.dll not valid. Loading of assembly skipped.
Assembly Unity.2D.Sprite.Package.EditorTests.dll at Library/ScriptAssemblies/Unity.2D.Sprite.Package.EditorTests.dll not valid. Loading of assembly skipped.
Assembly Unity.Multiplayer.Center.Editor.Tests.dll at Library/ScriptAssemblies/Unity.Multiplayer.Center.Editor.Tests.dll not valid. Loading of assembly skipped.
Assembly Unity.Multiplayer.Center.Tests.dll at Library/ScriptAssemblies/Unity.Multiplayer.Center.Tests.dll not valid. Loading of assembly skipped.
Assembly Unity.TextMeshPro.Editor.Tests.dll at Library/ScriptAssemblies/Unity.TextMeshPro.Editor.Tests.dll not valid. Loading of assembly skipped.
Assembly Unity.TextMeshPro.Tests.dll at Library/ScriptAssemblies/Unity.TextMeshPro.Tests.dll not valid. Loading of assembly skipped.
Assembly UnityEditor.UI.Common.Tests.dll at Library/ScriptAssemblies/UnityEditor.UI.Common.Tests.dll not valid. Loading of assembly skipped.
Assembly UnityEditor.UI.EditorTests.dll at Library/ScriptAssemblies/UnityEditor.UI.EditorTests.dll not valid. Loading of assembly skipped.
Assembly UnityEngine.UI.Tests.dll at Library/ScriptAssemblies/UnityEngine.UI.Tests.dll not valid. Loading of assembly skipped.
Native extension for WindowsStandalone target not found
[Package Manager] Failed to launch server process. Reason: Unity was launched with the -noUpm command-line argument
[Package Manager] Unable to send message (not connected to server process).
[Package Manager] Cannot connect to Unity Package Manager local server
ScheduleIndexationOnStartup MainProcess:False IndexOnStartup:True
Mono: successfully reloaded assembly
- Finished resetting the current domain, in  0.589 seconds
Domain Reload Profiling: 1013ms
	BeginReloadAssembly (229ms)
		DisableScriptedObjects (7ms)
		CreateAndSetChildDomain (38ms)
	RebuildCommonClasses (66ms)
	RebuildNativeTypeToScriptingClass (17ms)
	initialDomainReloadingComplete (72ms)
	LoadAllAssembliesAndSetupDomain (38ms)
		LoadAssemblies (144ms)
		AnalyzeDomain (22ms)
			TypeCache.Refresh (4ms)
			BuildScriptInfoCaches (13ms)
			ResolveRequiredComponents (4ms)
	FinalizeReload (591ms)
		SetupLoadedEditorAssemblies (0ms)
			BeforeProcessingInitializeOnLoad (199ms)
			ProcessInitializeOnLoadAttributes (131ms)
			ProcessInitializeOnLoadMethodAttributes (69ms)
			AfterProcessingInitializeOnLoad (14ms)
		AwakeInstancesAfterBackupRestoration (10ms)
Unloading 0 Unused Serialized files (Serialized files now loaded: 0)
Unloading 495 unused Assets / (65.2 KB). Loaded Objects now: 1119.
Memory consumption went from 74.2 MB to 74.1 MB.
Total: 7.737800 ms (FindLiveObjects: 0.094700 ms CreateObjectMapping: 0.037500 ms MarkObjects: 7.417600 ms  DeleteObjects: 0.186900 ms)

Prepare: number of updated asset objects reloaded= 0
========================================================================
Received Prepare
Unloading 0 Unused Serialized files (Serialized files now loaded: 0)
Unloading 495 unused Assets / (51.8 KB). Loaded Objects now: 1119.
Memory consumption went from 75.6 MB to 75.5 MB.
Total: 5.550100 ms (FindLiveObjects: 0.106800 ms CreateObjectMapping: 0.031100 ms MarkObjects: 5.228400 ms  DeleteObjects: 0.181900 ms)

Prepare: number of updated asset objects reloaded= 0
========================================================================
Received Prepare
Begin MonoManager ReloadAssembly
[Licensing::Client] Successfully resolved entitlement details
[Licensing::Module] License group:
  Id: F4-EDDV-NH36-DFSG-KPVM-XXXX
  Product: Unity Personal
  Type: ULF
  Expiration: Unlimited
[Licensing::Module] License group:
  Id: 18967685329695-UnityPersXXXX
  Product: Unity Personal
  Type: Assigned
  Expiration: Unlimited
Assembly Assembly-CSharp-Editor-firstpass.dll at Library/ScriptAssemblies/Assembly-CSharp-Editor-firstpass.dll not valid. Loading of assembly skipped.
Assembly Assembly-CSharp-Editor.dll at Library/ScriptAssemblies/Assembly-CSharp-Editor.dll not valid. Loading of assembly skipped.
Assembly Assembly-CSharp-firstpass.dll at Library/ScriptAssemblies/Assembly-CSharp-firstpass.dll not valid. Loading of assembly skipped.
Assembly Unity.2D.Sprite.Package.EditorTests.dll at Library/ScriptAssemblies/Unity.2D.Sprite.Package.EditorTests.dll not valid. Loading of assembly skipped.
Assembly Unity.Multiplayer.Center.Editor.Tests.dll at Library/ScriptAssemblies/Unity.Multiplayer.Center.Editor.Tests.dll not valid. Loading of assembly skipped.
Assembly Unity.Multiplayer.Center.Tests.dll at Library/ScriptAssemblies/Unity.Multiplayer.Center.Tests.dll not valid. Loading of assembly skipped.
Assembly Unity.TextMeshPro.Editor.Tests.dll at Library/ScriptAssemblies/Unity.TextMeshPro.Editor.Tests.dll not valid. Loading of assembly skipped.
Assembly Unity.TextMeshPro.Tests.dll at Library/ScriptAssemblies/Unity.TextMeshPro.Tests.dll not valid. Loading of assembly skipped.
Assembly UnityEditor.UI.Common.Tests.dll at Library/ScriptAssemblies/UnityEditor.UI.Common.Tests.dll not valid. Loading of assembly skipped.
Assembly UnityEditor.UI.EditorTests.dll at Library/ScriptAssemblies/UnityEditor.UI.EditorTests.dll not valid. Loading of assembly skipped.
Assembly UnityEngine.UI.Tests.dll at Library/ScriptAssemblies/UnityEngine.UI.Tests.dll not valid. Loading of assembly skipped.
Native extension for WindowsStandalone target not found
[Package Manager] Failed to launch server process. Reason: Unity was launched with the -noUpm command-line argument
[Package Manager] Unable to send message (not connected to server process).
[Package Manager] Cannot connect to Unity Package Manager local server
ScheduleIndexationOnStartup MainProcess:False IndexOnStartup:True
Mono: successfully reloaded assembly
- Finished resetting the current domain, in  0.598 seconds
Domain Reload Profiling: 1027ms
	BeginReloadAssembly (239ms)
		DisableScriptedObjects (9ms)
		CreateAndSetChildDomain (40ms)
	RebuildCommonClasses (52ms)
	RebuildNativeTypeToScriptingClass (16ms)
	initialDomainReloadingComplete (70ms)
	LoadAllAssembliesAndSetupDomain (49ms)
		LoadAssemblies (141ms)
		AnalyzeDomain (33ms)
			TypeCache.Refresh (6ms)
			BuildScriptInfoCaches (20ms)
			ResolveRequiredComponents (4ms)
	FinalizeReload (600ms)
		SetupLoadedEditorAssemblies (0ms)
			InitializePlatformSupportModulesInManaged (3ms)
			BeforeProcessingInitializeOnLoad (184ms)
			ProcessInitializeOnLoadAttributes (154ms)
			ProcessInitializeOnLoadMethodAttributes (67ms)
			AfterProcessingInitializeOnLoad (19ms)
		AwakeInstancesAfterBackupRestoration (16ms)
Unloading 0 Unused Serialized files (Serialized files now loaded: 0)
Unloading 495 unused Assets / (36.2 KB). Loaded Objects now: 1119.
Memory consumption went from 76.5 MB to 76.5 MB.
Total: 5.827800 ms (FindLiveObjects: 0.094000 ms CreateObjectMapping: 0.038500 ms MarkObjects: 5.560900 ms  DeleteObjects: 0.133700 ms)

Prepare: number of updated asset objects reloaded= 0
========================================================================
Received Prepare
Begin MonoManager ReloadAssembly
Assembly Assembly-CSharp-Editor-firstpass.dll at Library/ScriptAssemblies/Assembly-CSharp-Editor-firstpass.dll not valid. Loading of assembly skipped.
Assembly Assembly-CSharp-Editor.dll at Library/ScriptAssemblies/Assembly-CSharp-Editor.dll not valid. Loading of assembly skipped.
Assembly Assembly-CSharp-firstpass.dll at Library/ScriptAssemblies/Assembly-CSharp-firstpass.dll not valid. Loading of assembly skipped.
Assembly Unity.2D.Sprite.Package.EditorTests.dll at Library/ScriptAssemblies/Unity.2D.Sprite.Package.EditorTests.dll not valid. Loading of assembly skipped.
Assembly Unity.Multiplayer.Center.Editor.Tests.dll at Library/ScriptAssemblies/Unity.Multiplayer.Center.Editor.Tests.dll not valid. Loading of assembly skipped.
Assembly Unity.Multiplayer.Center.Tests.dll at Library/ScriptAssemblies/Unity.Multiplayer.Center.Tests.dll not valid. Loading of assembly skipped.
Assembly Unity.TextMeshPro.Editor.Tests.dll at Library/ScriptAssemblies/Unity.TextMeshPro.Editor.Tests.dll not valid. Loading of assembly skipped.
Assembly Unity.TextMeshPro.Tests.dll at Library/ScriptAssemblies/Unity.TextMeshPro.Tests.dll not valid. Loading of assembly skipped.
Assembly UnityEditor.UI.Common.Tests.dll at Library/ScriptAssemblies/UnityEditor.UI.Common.Tests.dll not valid. Loading of assembly skipped.
Assembly UnityEditor.UI.EditorTests.dll at Library/ScriptAssemblies/UnityEditor.UI.EditorTests.dll not valid. Loading of assembly skipped.
Assembly UnityEngine.UI.Tests.dll at Library/ScriptAssemblies/UnityEngine.UI.Tests.dll not valid. Loading of assembly skipped.
Native extension for WindowsStandalone target not found
[Package Manager] Failed to launch server process. Reason: Unity was launched with the -noUpm command-line argument
[Package Manager] Unable to send message (not connected to server process).
[Package Manager] Cannot connect to Unity Package Manager local server
ScheduleIndexationOnStartup MainProcess:False IndexOnStartup:True
Mono: successfully reloaded assembly
- Finished resetting the current domain, in  0.618 seconds
Domain Reload Profiling: 1048ms
	BeginReloadAssembly (235ms)
		DisableScriptedObjects (9ms)
		CreateAndSetChildDomain (35ms)
	RebuildCommonClasses (57ms)
	RebuildNativeTypeToScriptingClass (23ms)
	initialDomainReloadingComplete (72ms)
	LoadAllAssembliesAndSetupDomain (42ms)
		LoadAssemblies (148ms)
		AnalyzeDomain (24ms)
			TypeCache.Refresh (4ms)
			BuildScriptInfoCaches (15ms)
			ResolveRequiredComponents (4ms)
	FinalizeReload (620ms)
		SetupLoadedEditorAssemblies (0ms)
			BeforeProcessingInitializeOnLoad (188ms)
			ProcessInitializeOnLoadAttributes (160ms)
			ProcessInitializeOnLoadMethodAttributes (78ms)
			AfterProcessingInitializeOnLoad (15ms)
		AwakeInstancesAfterBackupRestoration (10ms)
Unloading 0 Unused Serialized files (Serialized files now loaded: 0)
Unloading 495 unused Assets / (62.4 KB). Loaded Objects now: 1119.
Memory consumption went from 77.6 MB to 77.6 MB.
Total: 5.646100 ms (FindLiveObjects: 0.095200 ms CreateObjectMapping: 0.040100 ms MarkObjects: 5.137100 ms  DeleteObjects: 0.372500 ms)

Prepare: number of updated asset objects reloaded= 0
========================================================================
Received Prepare
Begin MonoManager ReloadAssembly
[Licensing::Client] Successfully resolved entitlement details
[Licensing::Module] License group:
  Id: F4-EDDV-NH36-DFSG-KPVM-XXXX
  Product: Unity Personal
  Type: ULF
  Expiration: Unlimited
[Licensing::Module] License group:
  Id: 18967685329695-UnityPersXXXX
  Product: Unity Personal
  Type: Assigned
  Expiration: Unlimited
Assembly Assembly-CSharp-Editor-firstpass.dll at Library/ScriptAssemblies/Assembly-CSharp-Editor-firstpass.dll not valid. Loading of assembly skipped.
Assembly Assembly-CSharp-Editor.dll at Library/ScriptAssemblies/Assembly-CSharp-Editor.dll not valid. Loading of assembly skipped.
Assembly Assembly-CSharp-firstpass.dll at Library/ScriptAssemblies/Assembly-CSharp-firstpass.dll not valid. Loading of assembly skipped.
Assembly Unity.2D.Sprite.Package.EditorTests.dll at Library/ScriptAssemblies/Unity.2D.Sprite.Package.EditorTests.dll not valid. Loading of assembly skipped.
Assembly Unity.Multiplayer.Center.Editor.Tests.dll at Library/ScriptAssemblies/Unity.Multiplayer.Center.Editor.Tests.dll not valid. Loading of assembly skipped.
Assembly Unity.Multiplayer.Center.Tests.dll at Library/ScriptAssemblies/Unity.Multiplayer.Center.Tests.dll not valid. Loading of assembly skipped.
Assembly Unity.TextMeshPro.Editor.Tests.dll at Library/ScriptAssemblies/Unity.TextMeshPro.Editor.Tests.dll not valid. Loading of assembly skipped.
Assembly Unity.TextMeshPro.Tests.dll at Library/ScriptAssemblies/Unity.TextMeshPro.Tests.dll not valid. Loading of assembly skipped.
Assembly UnityEditor.UI.Common.Tests.dll at Library/ScriptAssemblies/UnityEditor.UI.Common.Tests.dll not valid. Loading of assembly skipped.
Assembly UnityEditor.UI.EditorTests.dll at Library/ScriptAssemblies/UnityEditor.UI.EditorTests.dll not valid. Loading of assembly skipped.
Assembly UnityEngine.UI.Tests.dll at Library/ScriptAssemblies/UnityEngine.UI.Tests.dll not valid. Loading of assembly skipped.
Native extension for WindowsStandalone target not found
[Package Manager] Failed to launch server process. Reason: Unity was launched with the -noUpm command-line argument
[Package Manager] Unable to send message (not connected to server process).
[Package Manager] Cannot connect to Unity Package Manager local server
ScheduleIndexationOnStartup MainProcess:False IndexOnStartup:True
Mono: successfully reloaded assembly
- Finished resetting the current domain, in  0.546 seconds
Domain Reload Profiling: 964ms
	BeginReloadAssembly (248ms)
		DisableScriptedObjects (9ms)
		CreateAndSetChildDomain (32ms)
	RebuildCommonClasses (47ms)
	RebuildNativeTypeToScriptingClass (17ms)
	initialDomainReloadingComplete (62ms)
	LoadAllAssembliesAndSetupDomain (41ms)
		LoadAssemblies (158ms)
		AnalyzeDomain (24ms)
			TypeCache.Refresh (4ms)
			BuildScriptInfoCaches (14ms)
			ResolveRequiredComponents (5ms)
	FinalizeReload (548ms)
		SetupLoadedEditorAssemblies (0ms)
			InitializePlatformSupportModulesInManaged (3ms)
			BeforeProcessingInitializeOnLoad (158ms)
			ProcessInitializeOnLoadAttributes (126ms)
			ProcessInitializeOnLoadMethodAttributes (68ms)
			AfterProcessingInitializeOnLoad (12ms)
		AwakeInstancesAfterBackupRestoration (10ms)
Unloading 0 Unused Serialized files (Serialized files now loaded: 0)
Unloading 495 unused Assets / (43.8 KB). Loaded Objects now: 1119.
Memory consumption went from 78.8 MB to 78.7 MB.
Total: 7.559300 ms (FindLiveObjects: 0.093300 ms CreateObjectMapping: 0.029700 ms MarkObjects: 7.257400 ms  DeleteObjects: 0.177600 ms)

Prepare: number of updated asset objects reloaded= 0
========================================================================
Received Prepare
Begin MonoManager ReloadAssembly
[Licensing::Client] Successfully resolved entitlement details
[Licensing::Module] License group:
  Id: F4-EDDV-NH36-DFSG-KPVM-XXXX
  Product: Unity Personal
  Type: ULF
  Expiration: Unlimited
[Licensing::Module] License group:
  Id: 18967685329695-UnityPersXXXX
  Product: Unity Personal
  Type: Assigned
  Expiration: Unlimited
Assembly Assembly-CSharp-Editor-firstpass.dll at Library/ScriptAssemblies/Assembly-CSharp-Editor-firstpass.dll not valid. Loading of assembly skipped.
Assembly Assembly-CSharp-Editor.dll at Library/ScriptAssemblies/Assembly-CSharp-Editor.dll not valid. Loading of assembly skipped.
Assembly Assembly-CSharp-firstpass.dll at Library/ScriptAssemblies/Assembly-CSharp-firstpass.dll not valid. Loading of assembly skipped.
Assembly Unity.2D.Sprite.Package.EditorTests.dll at Library/ScriptAssemblies/Unity.2D.Sprite.Package.EditorTests.dll not valid. Loading of assembly skipped.
Assembly Unity.Multiplayer.Center.Editor.Tests.dll at Library/ScriptAssemblies/Unity.Multiplayer.Center.Editor.Tests.dll not valid. Loading of assembly skipped.
Assembly Unity.Multiplayer.Center.Tests.dll at Library/ScriptAssemblies/Unity.Multiplayer.Center.Tests.dll not valid. Loading of assembly skipped.
Assembly Unity.TextMeshPro.Editor.Tests.dll at Library/ScriptAssemblies/Unity.TextMeshPro.Editor.Tests.dll not valid. Loading of assembly skipped.
Assembly Unity.TextMeshPro.Tests.dll at Library/ScriptAssemblies/Unity.TextMeshPro.Tests.dll not valid. Loading of assembly skipped.
Assembly UnityEditor.UI.Common.Tests.dll at Library/ScriptAssemblies/UnityEditor.UI.Common.Tests.dll not valid. Loading of assembly skipped.
Assembly UnityEditor.UI.EditorTests.dll at Library/ScriptAssemblies/UnityEditor.UI.EditorTests.dll not valid. Loading of assembly skipped.
Assembly UnityEngine.UI.Tests.dll at Library/ScriptAssemblies/UnityEngine.UI.Tests.dll not valid. Loading of assembly skipped.
Native extension for WindowsStandalone target not found
[Package Manager] Failed to launch server process. Reason: Unity was launched with the -noUpm command-line argument
[Package Manager] Unable to send message (not connected to server process).
[Package Manager] Cannot connect to Unity Package Manager local server
ScheduleIndexationOnStartup MainProcess:False IndexOnStartup:True
Mono: successfully reloaded assembly
- Finished resetting the current domain, in  0.713 seconds
Domain Reload Profiling: 1151ms
	BeginReloadAssembly (250ms)
		DisableScriptedObjects (8ms)
		CreateAndSetChildDomain (35ms)
	RebuildCommonClasses (53ms)
	RebuildNativeTypeToScriptingClass (18ms)
	initialDomainReloadingComplete (66ms)
	LoadAllAssembliesAndSetupDomain (49ms)
		LoadAssemblies (153ms)
		AnalyzeDomain (30ms)
			TypeCache.Refresh (9ms)
			BuildScriptInfoCaches (15ms)
			ResolveRequiredComponents (4ms)
	FinalizeReload (716ms)
		SetupLoadedEditorAssemblies (0ms)
			InitializePlatformSupportModulesInManaged (3ms)
			BeforeProcessingInitializeOnLoad (218ms)
			ProcessInitializeOnLoadAttributes (135ms)
			ProcessInitializeOnLoadMethodAttributes (74ms)
			AfterProcessingInitializeOnLoad (18ms)
		AwakeInstancesAfterBackupRestoration (16ms)
Unloading 0 Unused Serialized files (Serialized files now loaded: 0)
Unloading 495 unused Assets / (44.1 KB). Loaded Objects now: 1119.
Memory consumption went from 79.9 MB to 79.9 MB.
Total: 6.032800 ms (FindLiveObjects: 0.165800 ms CreateObjectMapping: 0.057400 ms MarkObjects: 5.659500 ms  DeleteObjects: 0.148500 ms)

Prepare: number of updated asset objects reloaded= 0
========================================================================
Received Prepare
Begin MonoManager ReloadAssembly
Assembly Assembly-CSharp-Editor-firstpass.dll at Library/ScriptAssemblies/Assembly-CSharp-Editor-firstpass.dll not valid. Loading of assembly skipped.
Assembly Assembly-CSharp-Editor.dll at Library/ScriptAssemblies/Assembly-CSharp-Editor.dll not valid. Loading of assembly skipped.
Assembly Assembly-CSharp-firstpass.dll at Library/ScriptAssemblies/Assembly-CSharp-firstpass.dll not valid. Loading of assembly skipped.
Assembly Unity.2D.Sprite.Package.EditorTests.dll at Library/ScriptAssemblies/Unity.2D.Sprite.Package.EditorTests.dll not valid. Loading of assembly skipped.
Assembly Unity.Multiplayer.Center.Editor.Tests.dll at Library/ScriptAssemblies/Unity.Multiplayer.Center.Editor.Tests.dll not valid. Loading of assembly skipped.
Assembly Unity.Multiplayer.Center.Tests.dll at Library/ScriptAssemblies/Unity.Multiplayer.Center.Tests.dll not valid. Loading of assembly skipped.
Assembly Unity.TextMeshPro.Editor.Tests.dll at Library/ScriptAssemblies/Unity.TextMeshPro.Editor.Tests.dll not valid. Loading of assembly skipped.
Assembly Unity.TextMeshPro.Tests.dll at Library/ScriptAssemblies/Unity.TextMeshPro.Tests.dll not valid. Loading of assembly skipped.
Assembly UnityEditor.UI.Common.Tests.dll at Library/ScriptAssemblies/UnityEditor.UI.Common.Tests.dll not valid. Loading of assembly skipped.
Assembly UnityEditor.UI.EditorTests.dll at Library/ScriptAssemblies/UnityEditor.UI.EditorTests.dll not valid. Loading of assembly skipped.
Assembly UnityEngine.UI.Tests.dll at Library/ScriptAssemblies/UnityEngine.UI.Tests.dll not valid. Loading of assembly skipped.
Native extension for WindowsStandalone target not found
[Package Manager] Failed to launch server process. Reason: Unity was launched with the -noUpm command-line argument
[Package Manager] Unable to send message (not connected to server process).
[Package Manager] Cannot connect to Unity Package Manager local server
ScheduleIndexationOnStartup MainProcess:False IndexOnStartup:True
Mono: successfully reloaded assembly
- Finished resetting the current domain, in  0.573 seconds
Domain Reload Profiling: 994ms
	BeginReloadAssembly (260ms)
		DisableScriptedObjects (11ms)
		CreateAndSetChildDomain (35ms)
	RebuildCommonClasses (46ms)
	RebuildNativeTypeToScriptingClass (15ms)
	initialDomainReloadingComplete (53ms)
	LoadAllAssembliesAndSetupDomain (44ms)
		LoadAssemblies (155ms)
		AnalyzeDomain (26ms)
			TypeCache.Refresh (5ms)
			BuildScriptInfoCaches (14ms)
			ResolveRequiredComponents (5ms)
	FinalizeReload (575ms)
		SetupLoadedEditorAssemblies (0ms)
			InitializePlatformSupportModulesInManaged (3ms)
			BeforeProcessingInitializeOnLoad (174ms)
			ProcessInitializeOnLoadAttributes (130ms)
			ProcessInitializeOnLoadMethodAttributes (76ms)
			AfterProcessingInitializeOnLoad (11ms)
		AwakeInstancesAfterBackupRestoration (10ms)
Unloading 0 Unused Serialized files (Serialized files now loaded: 0)
Unloading 495 unused Assets / (51.8 KB). Loaded Objects now: 1119.
Memory consumption went from 81.1 MB to 81.0 MB.
Total: 6.497900 ms (FindLiveObjects: 0.126900 ms CreateObjectMapping: 0.036700 ms MarkObjects: 6.171100 ms  DeleteObjects: 0.162000 ms)

Prepare: number of updated asset objects reloaded= 0
========================================================================
Received Prepare
Unloading 0 Unused Serialized files (Serialized files now loaded: 0)
Unloading 495 unused Assets / (49.6 KB). Loaded Objects now: 1119.
Memory consumption went from 82.4 MB to 82.4 MB.
Total: 8.204400 ms (FindLiveObjects: 0.160900 ms CreateObjectMapping: 0.039300 ms MarkObjects: 7.859800 ms  DeleteObjects: 0.142800 ms)

Prepare: number of updated asset objects reloaded= 0
========================================================================
Received Prepare
Begin MonoManager ReloadAssembly
[Licensing::Client] Successfully resolved entitlement details
[Licensing::Module] License group:
  Id: F4-EDDV-NH36-DFSG-KPVM-XXXX
  Product: Unity Personal
  Type: ULF
  Expiration: Unlimited
[Licensing::Module] License group:
  Id: 18967685329695-UnityPersXXXX
  Product: Unity Personal
  Type: Assigned
  Expiration: Unlimited
Assembly Assembly-CSharp-Editor-firstpass.dll at Library/ScriptAssemblies/Assembly-CSharp-Editor-firstpass.dll not valid. Loading of assembly skipped.
Assembly Assembly-CSharp-Editor.dll at Library/ScriptAssemblies/Assembly-CSharp-Editor.dll not valid. Loading of assembly skipped.
Assembly Assembly-CSharp-firstpass.dll at Library/ScriptAssemblies/Assembly-CSharp-firstpass.dll not valid. Loading of assembly skipped.
Assembly Unity.2D.Sprite.Package.EditorTests.dll at Library/ScriptAssemblies/Unity.2D.Sprite.Package.EditorTests.dll not valid. Loading of assembly skipped.
Assembly Unity.Multiplayer.Center.Editor.Tests.dll at Library/ScriptAssemblies/Unity.Multiplayer.Center.Editor.Tests.dll not valid. Loading of assembly skipped.
Assembly Unity.Multiplayer.Center.Tests.dll at Library/ScriptAssemblies/Unity.Multiplayer.Center.Tests.dll not valid. Loading of assembly skipped.
Assembly Unity.TextMeshPro.Editor.Tests.dll at Library/ScriptAssemblies/Unity.TextMeshPro.Editor.Tests.dll not valid. Loading of assembly skipped.
Assembly Unity.TextMeshPro.Tests.dll at Library/ScriptAssemblies/Unity.TextMeshPro.Tests.dll not valid. Loading of assembly skipped.
Assembly UnityEditor.UI.Common.Tests.dll at Library/ScriptAssemblies/UnityEditor.UI.Common.Tests.dll not valid. Loading of assembly skipped.
Assembly UnityEditor.UI.EditorTests.dll at Library/ScriptAssemblies/UnityEditor.UI.EditorTests.dll not valid. Loading of assembly skipped.
Assembly UnityEngine.UI.Tests.dll at Library/ScriptAssemblies/UnityEngine.UI.Tests.dll not valid. Loading of assembly skipped.
Native extension for WindowsStandalone target not found
[Package Manager] Failed to launch server process. Reason: Unity was launched with the -noUpm command-line argument
[Package Manager] Unable to send message (not connected to server process).
[Package Manager] Cannot connect to Unity Package Manager local server
ScheduleIndexationOnStartup MainProcess:False IndexOnStartup:True
Mono: successfully reloaded assembly
- Finished resetting the current domain, in  0.614 seconds
Domain Reload Profiling: 1090ms
	BeginReloadAssembly (263ms)
		DisableScriptedObjects (18ms)
		CreateAndSetChildDomain (37ms)
	RebuildCommonClasses (54ms)
	RebuildNativeTypeToScriptingClass (19ms)
	initialDomainReloadingComplete (83ms)
	LoadAllAssembliesAndSetupDomain (53ms)
		LoadAssemblies (159ms)
		AnalyzeDomain (34ms)
			TypeCache.Refresh (7ms)
			BuildScriptInfoCaches (22ms)
			ResolveRequiredComponents (4ms)
	FinalizeReload (617ms)
		SetupLoadedEditorAssemblies (0ms)
			InitializePlatformSupportModulesInManaged (3ms)
			BeforeProcessingInitializeOnLoad (188ms)
			ProcessInitializeOnLoadAttributes (125ms)
			ProcessInitializeOnLoadMethodAttributes (74ms)
			AfterProcessingInitializeOnLoad (21ms)
		AwakeInstancesAfterBackupRestoration (14ms)
Unloading 0 Unused Serialized files (Serialized files now loaded: 0)
Unloading 495 unused Assets / (51.6 KB). Loaded Objects now: 1119.
Memory consumption went from 83.4 MB to 83.3 MB.
Total: 5.228400 ms (FindLiveObjects: 0.108700 ms CreateObjectMapping: 0.036800 ms MarkObjects: 4.914900 ms  DeleteObjects: 0.167100 ms)

Prepare: number of updated asset objects reloaded= 0
========================================================================
Received Prepare
Begin MonoManager ReloadAssembly
Assembly Assembly-CSharp-Editor-firstpass.dll at Library/ScriptAssemblies/Assembly-CSharp-Editor-firstpass.dll not valid. Loading of assembly skipped.
Assembly Assembly-CSharp-Editor.dll at Library/ScriptAssemblies/Assembly-CSharp-Editor.dll not valid. Loading of assembly skipped.
Assembly Assembly-CSharp-firstpass.dll at Library/ScriptAssemblies/Assembly-CSharp-firstpass.dll not valid. Loading of assembly skipped.
Assembly Unity.2D.Sprite.Package.EditorTests.dll at Library/ScriptAssemblies/Unity.2D.Sprite.Package.EditorTests.dll not valid. Loading of assembly skipped.
Assembly Unity.Multiplayer.Center.Editor.Tests.dll at Library/ScriptAssemblies/Unity.Multiplayer.Center.Editor.Tests.dll not valid. Loading of assembly skipped.
Assembly Unity.Multiplayer.Center.Tests.dll at Library/ScriptAssemblies/Unity.Multiplayer.Center.Tests.dll not valid. Loading of assembly skipped.
Assembly Unity.TextMeshPro.Editor.Tests.dll at Library/ScriptAssemblies/Unity.TextMeshPro.Editor.Tests.dll not valid. Loading of assembly skipped.
Assembly Unity.TextMeshPro.Tests.dll at Library/ScriptAssemblies/Unity.TextMeshPro.Tests.dll not valid. Loading of assembly skipped.
Assembly UnityEditor.UI.Common.Tests.dll at Library/ScriptAssemblies/UnityEditor.UI.Common.Tests.dll not valid. Loading of assembly skipped.
Assembly UnityEditor.UI.EditorTests.dll at Library/ScriptAssemblies/UnityEditor.UI.EditorTests.dll not valid. Loading of assembly skipped.
Assembly UnityEngine.UI.Tests.dll at Library/ScriptAssemblies/UnityEngine.UI.Tests.dll not valid. Loading of assembly skipped.
Native extension for WindowsStandalone target not found
[Package Manager] Failed to launch server process. Reason: Unity was launched with the -noUpm command-line argument
[Package Manager] Unable to send message (not connected to server process).
[Package Manager] Cannot connect to Unity Package Manager local server
ScheduleIndexationOnStartup MainProcess:False IndexOnStartup:True
Mono: successfully reloaded assembly
- Finished resetting the current domain, in  0.645 seconds
Domain Reload Profiling: 1087ms
	BeginReloadAssembly (244ms)
		DisableScriptedObjects (9ms)
		CreateAndSetChildDomain (32ms)
	RebuildCommonClasses (68ms)
	RebuildNativeTypeToScriptingClass (20ms)
	initialDomainReloadingComplete (67ms)
	LoadAllAssembliesAndSetupDomain (42ms)
		LoadAssemblies (148ms)
		AnalyzeDomain (25ms)
			TypeCache.Refresh (5ms)
			BuildScriptInfoCaches (15ms)
			ResolveRequiredComponents (4ms)
	FinalizeReload (647ms)
		SetupLoadedEditorAssemblies (0ms)
			InitializePlatformSupportModulesInManaged (4ms)
			BeforeProcessingInitializeOnLoad (175ms)
			ProcessInitializeOnLoadAttributes (170ms)
			ProcessInitializeOnLoadMethodAttributes (79ms)
			AfterProcessingInitializeOnLoad (22ms)
		AwakeInstancesAfterBackupRestoration (18ms)
Unloading 0 Unused Serialized files (Serialized files now loaded: 0)
Unloading 495 unused Assets / (35.3 KB). Loaded Objects now: 1119.
Memory consumption went from 84.5 MB to 84.5 MB.
Total: 4.808100 ms (FindLiveObjects: 0.104600 ms CreateObjectMapping: 0.058700 ms MarkObjects: 4.485000 ms  DeleteObjects: 0.158500 ms)

Prepare: number of updated asset objects reloaded= 0
========================================================================
Received Import Request.
  Time since last request: 1194.987147 seconds.
  path: Assets/Scripts/Yeni/EndOfDayReportUI.cs
  importAddress: Guid(07d07d8fc418f734bbdc41c687ee1973) Importer(2089858483,b0f066a214c2f5e87bad3c948f4d605d)
Start importing Assets/Scripts/Yeni/EndOfDayReportUI.cs using Guid(07d07d8fc418f734bbdc41c687ee1973) Importer(2089858483,b0f066a214c2f5e87bad3c948f4d605d) (ScriptedImporter) -> (Import Result ID: 'ddf1f51202460a53af01a5d2870be8b7') in 0.1584049 seconds [static and dynamic dependencies]. Details - ImportResultOutputID=e57cfb22a386e30a816dc73d13c4b412 DependenciesID=6a794390981c30874fdeee2c0772cf5e StaticDependenciesID=1f98423b38cc39cbc2cfbe1c5b7f5667 
Number of updated asset objects reloaded before import = 0Number of asset objects unloaded after import = 0

========================================================================
Received Import Request.
  Time since last request: 0.000035 seconds.
  path: Assets/Scenes/DayScreen.unity
  importAddress: Guid(512a201b54a6bb34fa2d25340b03cee3) Importer(2089858483,b0f066a214c2f5e87bad3c948f4d605d)
Start importing Assets/Scenes/DayScreen.unity using Guid(512a201b54a6bb34fa2d25340b03cee3) Importer(2089858483,b0f066a214c2f5e87bad3c948f4d605d) (ScriptedImporter) -> (Import Result ID: 'ff291db78b7b4e50c38f6b78c2846e96') in 0.0408241 seconds [static and dynamic dependencies]. Details - ImportResultOutputID=e426d72d2a317da3608f67672acefe7a DependenciesID=746785293dab6876ed187fe3516a09d0 StaticDependenciesID=4b620ef56fd9def3efdb4668a4d4155f 
Number of updated asset objects reloaded before import = 0Number of asset objects unloaded after import = 1

========================================================================
Received Import Request.
  Time since last request: 0.000067 seconds.
  path: Assets/Scripts/Yeni/CloseEndDayReport.cs
  importAddress: Guid(e8eb70d884e6e2a4f9797dd71cd56449) Importer(2089858483,b0f066a214c2f5e87bad3c948f4d605d)
Start importing Assets/Scripts/Yeni/CloseEndDayReport.cs using Guid(e8eb70d884e6e2a4f9797dd71cd56449) Importer(2089858483,b0f066a214c2f5e87bad3c948f4d605d) (ScriptedImporter) -> (Import Result ID: 'f1c8ea2a3c59978db99b820e4fa32eac') in 0.0171702 seconds [static and dynamic dependencies]. Details - ImportResultOutputID=799a032e3a239495d189c3cf25b18291 DependenciesID=85c18eaf3ee0262abca8f7e082a1809b StaticDependenciesID=f931070625d545e4e9fc9170e4598ca4 
Number of updated asset objects reloaded before import = 0Number of asset objects unloaded after import = 0

========================================================================
Received Import Request.
  Time since last request: 0.000183 seconds.
  path: Assets/Fonts/Cinzel-Medium SDF.asset
  importAddress: Guid(fbceeb63ce6cb58468cf9bf7cefdfb11) Importer(2089858483,b0f066a214c2f5e87bad3c948f4d605d)
Start importing Assets/Fonts/Cinzel-Medium SDF.asset using Guid(fbceeb63ce6cb58468cf9bf7cefdfb11) Importer(2089858483,b0f066a214c2f5e87bad3c948f4d605d) (ScriptedImporter) -> (Import Result ID: '66349b7f2ec3d05798b5820be4240c43') in 0.2165621 seconds [static and dynamic dependencies]. Details - ImportResultOutputID=86e685947305e2d813980cf470941eaf DependenciesID=b8bb38e36edf0551d426a1f234d2d477 StaticDependenciesID=9e1d293ee6b116d485fbea7c5ff9a5d6 
Number of updated asset objects reloaded before import = 0Number of asset objects unloaded after import = 5

========================================================================
Received Import Request.
  Time since last request: 0.000033 seconds.
  path: Assets/Scripts/Yeni/DayManager.cs
  importAddress: Guid(ef1a5466627bc4447a540bd5f55f31f9) Importer(2089858483,b0f066a214c2f5e87bad3c948f4d605d)
Start importing Assets/Scripts/Yeni/DayManager.cs using Guid(ef1a5466627bc4447a540bd5f55f31f9) Importer(2089858483,b0f066a214c2f5e87bad3c948f4d605d) (ScriptedImporter) -> (Import Result ID: '1657aa5bd4bc3df3afa1fcff6f4fe413') in 0.0194778 seconds [static and dynamic dependencies]. Details - ImportResultOutputID=c0339667145d30ccd37aa38972106f27 DependenciesID=689edc157e92175bda62857efdfaa5a2 StaticDependenciesID=f5e262d8db011a03fab287fe6af9957e 
Number of updated asset objects reloaded before import = 0Number of asset objects unloaded after import = 0

========================================================================
Received Import Request.
  Time since last request: 0.000069 seconds.
  path: Assets/Scenes/EndDayReport.unity
  importAddress: Guid(64dd161715473204ea7ac53a532b39c9) Importer(2089858483,b0f066a214c2f5e87bad3c948f4d605d)
Start importing Assets/Scenes/EndDayReport.unity using Guid(64dd161715473204ea7ac53a532b39c9) Importer(2089858483,b0f066a214c2f5e87bad3c948f4d605d) (ScriptedImporter) -> (Import Result ID: 'c80d7c2b8c649a7eab461e22e4efd29a') in 0.0223265 seconds [static and dynamic dependencies]. Details - ImportResultOutputID=f2ad60d83e32d6e9563dfa49db6c7949 DependenciesID=fb491ebad22775cdcd646ee3ef8e6a9f StaticDependenciesID=0515c7b8c5f42945f60b9991a5f6e8da 
Number of updated asset objects reloaded before import = 0Number of asset objects unloaded after import = 1

========================================================================
Received Import Request.
  Time since last request: 0.000071 seconds.
  path: Assets/Fonts/Cinzel-Bold SDF.asset
  importAddress: Guid(e9caf5787a94c674489f53a0b4b77360) Importer(2089858483,b0f066a214c2f5e87bad3c948f4d605d)
Start importing Assets/Fonts/Cinzel-Bold SDF.asset using Guid(e9caf5787a94c674489f53a0b4b77360) Importer(2089858483,b0f066a214c2f5e87bad3c948f4d605d) (ScriptedImporter) -> (Import Result ID: 'c02c8d100ce5c12ae3c9c5a0cdad634b') in 0.0863922 seconds [static and dynamic dependencies]. Details - ImportResultOutputID=a8802514192131f67a0c5f8b0c6986db DependenciesID=dbe311fa10a9e64a43573af36a9e9219 StaticDependenciesID=b16192131f4972e3e294871a1adbe8e5 
Number of updated asset objects reloaded before import = 0Number of asset objects unloaded after import = 5

========================================================================
Received Prepare
Begin MonoManager ReloadAssembly
[Licensing::Client] Successfully resolved entitlement details
[Licensing::Module] License group:
  Id: F4-EDDV-NH36-DFSG-KPVM-XXXX
  Product: Unity Personal
  Type: ULF
  Expiration: Unlimited
[Licensing::Module] License group:
  Id: 18967685329695-UnityPersXXXX
  Product: Unity Personal
  Type: Assigned
  Expiration: Unlimited
Assembly Assembly-CSharp-Editor-firstpass.dll at Library/ScriptAssemblies/Assembly-CSharp-Editor-firstpass.dll not valid. Loading of assembly skipped.
Assembly Assembly-CSharp-Editor.dll at Library/ScriptAssemblies/Assembly-CSharp-Editor.dll not valid. Loading of assembly skipped.
Assembly Assembly-CSharp-firstpass.dll at Library/ScriptAssemblies/Assembly-CSharp-firstpass.dll not valid. Loading of assembly skipped.
Assembly Unity.2D.Sprite.Package.EditorTests.dll at Library/ScriptAssemblies/Unity.2D.Sprite.Package.EditorTests.dll not valid. Loading of assembly skipped.
Assembly Unity.Multiplayer.Center.Editor.Tests.dll at Library/ScriptAssemblies/Unity.Multiplayer.Center.Editor.Tests.dll not valid. Loading of assembly skipped.
Assembly Unity.Multiplayer.Center.Tests.dll at Library/ScriptAssemblies/Unity.Multiplayer.Center.Tests.dll not valid. Loading of assembly skipped.
Assembly Unity.TextMeshPro.Editor.Tests.dll at Library/ScriptAssemblies/Unity.TextMeshPro.Editor.Tests.dll not valid. Loading of assembly skipped.
Assembly Unity.TextMeshPro.Tests.dll at Library/ScriptAssemblies/Unity.TextMeshPro.Tests.dll not valid. Loading of assembly skipped.
Assembly UnityEditor.UI.Common.Tests.dll at Library/ScriptAssemblies/UnityEditor.UI.Common.Tests.dll not valid. Loading of assembly skipped.
Assembly UnityEditor.UI.EditorTests.dll at Library/ScriptAssemblies/UnityEditor.UI.EditorTests.dll not valid. Loading of assembly skipped.
Assembly UnityEngine.UI.Tests.dll at Library/ScriptAssemblies/UnityEngine.UI.Tests.dll not valid. Loading of assembly skipped.
Native extension for WindowsStandalone target not found
[Package Manager] Failed to launch server process. Reason: Unity was launched with the -noUpm command-line argument
[Package Manager] Unable to send message (not connected to server process).
[Package Manager] Cannot connect to Unity Package Manager local server
ScheduleIndexationOnStartup MainProcess:False IndexOnStartup:True
Mono: successfully reloaded assembly
- Finished resetting the current domain, in  0.601 seconds
Domain Reload Profiling: 1078ms
	BeginReloadAssembly (261ms)
		DisableScriptedObjects (12ms)
		CreateAndSetChildDomain (36ms)
	RebuildCommonClasses (60ms)
	RebuildNativeTypeToScriptingClass (21ms)
	initialDomainReloadingComplete (80ms)
	LoadAllAssembliesAndSetupDomain (52ms)
		LoadAssemblies (167ms)
		AnalyzeDomain (30ms)
			TypeCache.Refresh (7ms)
			BuildScriptInfoCaches (18ms)
			ResolveRequiredComponents (4ms)
	FinalizeReload (603ms)
		SetupLoadedEditorAssemblies (0ms)
			InitializePlatformSupportModulesInManaged (3ms)
			BeforeProcessingInitializeOnLoad (157ms)
			ProcessInitializeOnLoadAttributes (143ms)
			ProcessInitializeOnLoadMethodAttributes (73ms)
			AfterProcessingInitializeOnLoad (14ms)
		AwakeInstancesAfterBackupRestoration (13ms)
Unloading 0 Unused Serialized files (Serialized files now loaded: 0)
Unloading 495 unused Assets / (15.8 KB). Loaded Objects now: 1119.
Memory consumption went from 70.9 MB to 70.9 MB.
Total: 5.831300 ms (FindLiveObjects: 0.111000 ms CreateObjectMapping: 0.030100 ms MarkObjects: 5.547700 ms  DeleteObjects: 0.141100 ms)

Prepare: number of updated asset objects reloaded= 0
========================================================================
Received Prepare
Begin MonoManager ReloadAssembly
[Licensing::Client] Successfully resolved entitlement details
[Licensing::Module] License group:
  Id: F4-EDDV-NH36-DFSG-KPVM-XXXX
  Product: Unity Personal
  Type: ULF
  Expiration: Unlimited
[Licensing::Module] License group:
  Id: 18967685329695-UnityPersXXXX
  Product: Unity Personal
  Type: Assigned
  Expiration: Unlimited
Assembly Assembly-CSharp-Editor-firstpass.dll at Library/ScriptAssemblies/Assembly-CSharp-Editor-firstpass.dll not valid. Loading of assembly skipped.
Assembly Assembly-CSharp-Editor.dll at Library/ScriptAssemblies/Assembly-CSharp-Editor.dll not valid. Loading of assembly skipped.
Assembly Assembly-CSharp-firstpass.dll at Library/ScriptAssemblies/Assembly-CSharp-firstpass.dll not valid. Loading of assembly skipped.
Assembly Unity.2D.Sprite.Package.EditorTests.dll at Library/ScriptAssemblies/Unity.2D.Sprite.Package.EditorTests.dll not valid. Loading of assembly skipped.
Assembly Unity.Multiplayer.Center.Editor.Tests.dll at Library/ScriptAssemblies/Unity.Multiplayer.Center.Editor.Tests.dll not valid. Loading of assembly skipped.
Assembly Unity.Multiplayer.Center.Tests.dll at Library/ScriptAssemblies/Unity.Multiplayer.Center.Tests.dll not valid. Loading of assembly skipped.
Assembly Unity.TextMeshPro.Editor.Tests.dll at Library/ScriptAssemblies/Unity.TextMeshPro.Editor.Tests.dll not valid. Loading of assembly skipped.
Assembly Unity.TextMeshPro.Tests.dll at Library/ScriptAssemblies/Unity.TextMeshPro.Tests.dll not valid. Loading of assembly skipped.
Assembly UnityEditor.UI.Common.Tests.dll at Library/ScriptAssemblies/UnityEditor.UI.Common.Tests.dll not valid. Loading of assembly skipped.
Assembly UnityEditor.UI.EditorTests.dll at Library/ScriptAssemblies/UnityEditor.UI.EditorTests.dll not valid. Loading of assembly skipped.
Assembly UnityEngine.UI.Tests.dll at Library/ScriptAssemblies/UnityEngine.UI.Tests.dll not valid. Loading of assembly skipped.
Native extension for WindowsStandalone target not found
[Package Manager] Failed to launch server process. Reason: Unity was launched with the -noUpm command-line argument
[Package Manager] Unable to send message (not connected to server process).
[Package Manager] Cannot connect to Unity Package Manager local server
ScheduleIndexationOnStartup MainProcess:False IndexOnStartup:True
Mono: successfully reloaded assembly
- Finished resetting the current domain, in  0.559 seconds
Domain Reload Profiling: 989ms
	BeginReloadAssembly (262ms)
		DisableScriptedObjects (9ms)
		CreateAndSetChildDomain (30ms)
	RebuildCommonClasses (48ms)
	RebuildNativeTypeToScriptingClass (15ms)
	initialDomainReloadingComplete (66ms)
	LoadAllAssembliesAndSetupDomain (37ms)
		LoadAssemblies (163ms)
		AnalyzeDomain (22ms)
			TypeCache.Refresh (4ms)
			BuildScriptInfoCaches (13ms)
			ResolveRequiredComponents (4ms)
	FinalizeReload (562ms)
		SetupLoadedEditorAssemblies (0ms)
			BeforeProcessingInitializeOnLoad (183ms)
			ProcessInitializeOnLoadAttributes (136ms)
			ProcessInitializeOnLoadMethodAttributes (59ms)
			AfterProcessingInitializeOnLoad (12ms)
		AwakeInstancesAfterBackupRestoration (11ms)
Unloading 0 Unused Serialized files (Serialized files now loaded: 0)
Unloading 495 unused Assets / (15.5 KB). Loaded Objects now: 1119.
Memory consumption went from 72.1 MB to 72.1 MB.
Total: 6.624800 ms (FindLiveObjects: 0.158400 ms CreateObjectMapping: 0.049000 ms MarkObjects: 6.236000 ms  DeleteObjects: 0.180300 ms)

Prepare: number of updated asset objects reloaded= 0
========================================================================
Received Import Request.
  Time since last request: 484.645566 seconds.
  path: Assets/Scenes/EndDayReport.unity
  importAddress: Guid(64dd161715473204ea7ac53a532b39c9) Importer(815301076,1909f56bfc062723c751e8b465ee728b)
Start importing Assets/Scenes/EndDayReport.unity using Guid(64dd161715473204ea7ac53a532b39c9) Importer(815301076,1909f56bfc062723c751e8b465ee728b) (PreviewImporter) -> (Import Result ID: 'e03d4698ed6c1bef5581628fb71b8f89') in 0.0025619 seconds [static and dynamic dependencies]. Details - ImportResultOutputID=056e295dd2bcbae9e325a5e316e8c37a DependenciesID=098162114f1fb346fa07dc4a6580294b StaticDependenciesID=e8aac4dc9445e176f8359d85957e3fc1 
Number of updated asset objects reloaded before import = 0Number of asset objects unloaded after import = 0

